"attribute_id","entity_id","sku","value"
"97","147469","000350011","jackson-jl350-oversize-bag"
"97","147468","000350012","jackson-jl350-oversize-bag"
"97","147467","0003503","jackson-jl350-oversize-bag"
"97","147466","0003504","jackson-jl350-oversize-bag"
"97","124425","00089674521","ravens-kobe-nxt-full-front"
"97","139522","00089674522","ravens-kobe-nxt-full-front"
"97","139520","00089674525","ravens-kobe-nxt-full-front"
"97","133367","0021731","aegis-bib-neck-protector"
"97","133366","0021732","aegis-bib-neck-protector"
"97","133368","0021733","aegis-bib-neck-protector"
"97","124404","0022001","fmg-goal-chill-sweatband"
"97","123391","0024421","wolves-ccm-c6509-hat"
"97","123392","0024422","wolves-ccm-c6509-hat"
"97","67519","003082","mondor-747-mens-pant-m"
"97","108266","003084","mondor-747-mens-pant"
"97","108133","0033712","mondor-2723-dress-yth"
"97","108144","0033733","mondor-2723-dress-yth"
"97","108145","0033734","mondor-2723-dress-yth"
"97","116027","0033745","mondor-2723-dress-yth-b4-12-14"
"97","133326","0033754","mondor-2723-dress-yth"
"97","112641","0035801","woolwich-sponsor-namebar"
"97","112642","0035802","woolwich-sponsor-namebar"
"97","67363","00419","jackson-classique-sz-4-5b-used"
"97","152185","00430211","mondor-4302-polartec-pant"
"97","152184","00430212","mondor-4302-polartec-pant"
"97","152183","00430213","mondor-4302-polartec-pant"
"97","116377","0044139M46","mondor-4413-dress-9m-4-6"
"97","116378","0044139M810","mondor-4413-dress-9m-8-10"
"97","116379","004413SK67","mondor-4413-dress-sk-6x-7"
"97","116380","0044234Q1012","mondor-4423-dress-4q-10-12"
"97","116381","004423DD1012","mondor-4423-dress-dd-10-12"
"97","116382","004423DD67","mondor-4423-dress-dd-6x-7"
"97","116383","004423PN810","mondor-4423-dress-pn-8-10"
"97","116384","004423T167","mondor-4423-dress-t1-6x-7"
"97","152181","00445711","mondor-4457-ploartec-pant"
"97","152180","004457146","mondor-4457-ploartec-pant"
"97","67458","00480","bauer-sup-one-9-sz-4-5d-used"
"97","67477","00503","rbk-7k-jr-hp"
"97","67604","00508","bauer-sup-one-6-sz-3d-used"
"97","88081","006051","huskies-ne-9twenty-adj-mb"
"97","143909","0063307","step-steel-goal-graf"
"97","68112","00706","bauer-vap-ltx-pro-sz-2d-used"
"97","115693","0080324","buttendz-twirl-grip-white-red"
"97","115694","0080325","buttendz-twirl-grip-white-blac"
"97","115673","0080331","buttendz-twirl-grip-black-yell"
"97","115674","0080333","buttendz-twirl-grip-black-whit"
"97","68671","00870111","bauer-n-freeze-pro-16-gr-int-p"
"97","73838","00870112","bauer-n-freeze-pro-16-gr-int-p"
"97","68673","00870311","bauer-n-freeze-pro-16-gr-int-p"
"97","68700","00871111","bauer-n-freeze-pro-16-gr-int"
"97","73839","00871112","bauer-n-freeze-pro-16-gr-int"
"97","68701","00871211","bauer-n-freeze-pro-16-gr-int"
"97","68703","00871311","bauer-n-freeze-pro-16-gr-int"
"97","110526","009381","ravens-kobe-nxt-lace"
"97","35835","0103510","step-steel-ls2-pair-210"
"97","35837","0103530","step-steel-ls2-pair-230"
"97","35832","0103554","step-steel-ls2-pair-254"
"97","79814","01101","bauer-sup-190-yth-8d-used"
"97","79815","01102","bauer-vap-ltx-pro-3-5ee-used"
"97","80767","01134","bauer-vapor-x40-y9r-used"
"97","80771","01135","ccm-tacks-clssc-pr-4-5d-usd"
"97","115535","01165","bauer-sup-mx3-8-5d-new-steel"
"97","115558","01180","jackson-mystique-sz-1-used"
"97","115560","01182","jackson-myst-sz-1-used"
"97","115566","01188","new-item"
"97","69234","01211","easton-ultralite-sz-3d-used"
"97","132692","01329","bauer-vap-ltx-pro-4-5d-used"
"97","115753","01341","bauer-vapor-xltx-2d-used"
"97","115748","01345","bauer-sup-ltx-pro-1d-used"
"97","115755","01348","bauer-vapor-ltx-pro-4d-used"
"97","115803","01386","bauer-sup-s170-4-5d-used"
"97","115829","01822","bauer-vapor-ltx-pro-6-5d-used"
"97","115833","01826","bauer-sup-170-1-5d-used"
"97","115879","01869","bauer-vap-ltx-sp-jr-l-used"
"97","115880","01870","bauer-nexus-freeze-6-5d-used"
"97","115887","01877","bauer-vapor-ltx-pro-4-5d-used"
"97","115912","01891","bauer-nex-fre-2-5ee-used"
"97","115942","01932","bauer-sup-140-1r-used"
"97","115951","01941","bauer-vap-ltx-2-5d-used"
"97","116044","01968","bauer-nexus-freeze-2ee-used"
"97","115971","01974","bauer-nexus-400-2d-used"
"97","142044","02012610","jackson-legacy-8-ub80-blade"
"97","142046","0201269","jackson-legacy-8-ub80-blade"
"97","156749","020126925","jackson-legacy-8-ub80-blade"
"97","156748","02012695","jackson-legacy-8-ub80-blade"
"97","156747","020126975","jackson-legacy-8-ub80-blade"
"97","141368","02012810","jackson-protege-xp-ub45-blade"
"97","142042","020128875","jackson-protege-xp-ub45-blade"
"97","141371","0201289","jackson-protege-xp-ub45-blade"
"97","141372","020128925","jackson-protege-xp-ub45-blade"
"97","141373","02012895","jackson-protege-xp-ub45-blade"
"97","141374","020128975","jackson-protege-xp-ub45-blade"
"97","116423","020561","grays-glitter-xtra-ball-silver"
"97","116424","020562","grays-glitter-xtra-ball-pink"
"97","128203","020563","grays-glitter-xtra-ball"
"97","123353","020611","fix-my-gear-knee-elastic-dbl"
"97","123354","020612","fix-my-gear-knee-elastic-dbl"
"97","123356","020621","fix-my-gear-knee-elastic"
"97","123520","020622","fix-my-gear-knee-elastic"
"97","116462","02075","ccm-tacks-classic-pro-2d-used"
"97","116485","02100","bauer-vapor-xltx-1d-used"
"97","116497","02111","bauer-nexus-freeze-1ee-used"
"97","116213","02118","bauer-nexus-freeze-2ee-used"
"97","124378","0213411","makura-kyro-pro"
"97","124380","0213412","makura-kyro-pro"
"97","124379","0213421","makura-kyro-pro"
"97","124381","0213422","makura-kyro-pro"
"97","133113","0213611","ravens-atc-l3519-ss"
"97","134104","0213621","ravens-atc-l3519-ss"
"97","134106","0213631","ravens-atc-l3519-ss"
"97","136978","0213641","ravens-atc-l3519-ss"
"97","133117","0213651","ravens-atc-l3519-ss"
"97","124383","0213811","makura-toka"
"97","124385","0213812","makura-toka"
"97","132414","0213821","makura-toka"
"97","124386","0213822","makura-toka"
"97","132412","0213831","makura-toka"
"97","132413","0213832","makura-toka"
"97","132415","0213841","makura-toka"
"97","124387","0213842","makura-toka"
"97","132411","0213851","makura-toka"
"97","124388","0213852","makura-toka"
"97","124384","0213861","makura-toka"
"97","124389","0213862","makura-toka"
"97","124391","0213911","makura-ignis"
"97","132426","0213912","makura-ignis"
"97","138174","0213921","makura-ignis"
"97","134102","0213922","makura-ignis"
"97","134103","0213931","makura-ignis"
"97","138173","0213932","makura-ignis"
"97","124392","0213941","makura-ignis"
"97","132431","0213942","makura-ignis"
"97","124393","0213951","makura-ignis"
"97","124394","0213952","makura-ignis"
"97","132434","0213961","makura-ignis"
"97","124395","0213962","makura-ignis"
"97","132435","0213971","makura-ignis"
"97","124396","0213972","makura-ignis"
"97","124398","0214011","makura-tephra"
"97","124399","0214021","makura-tephra"
"97","123867","0214146381","tigers-5950-fitted-hat"
"97","124367","021414651","tigers-5950-fitted-hat"
"97","123860","0214146581","tigers-5950-fitted-hat"
"97","123866","0214146751","tigers-5950-fitted-hat"
"97","137682","0214146781","tigers-5950-fitted-hat"
"97","133630","0214146791","tigers-5950-fitted-hat"
"97","123862","02141471","tigers-5950-fitted-hat"
"97","123859","0214147121","tigers-5950-fitted-hat"
"97","123856","0214147141","tigers-5950-fitted-hat_0214147141"
"97","123855","0214147181","tigers-5950-fitted-hat"
"97","123858","0214147341","tigers-5950-fitted-hat"
"97","137681","0214147381","tigers-5950-fitted-hat"
"97","123857","0214147581","tigers-5950-fitted-hat"
"97","123861","0214147781","tigers-5950-fitted-hat"
"97","136498","02141481","tigers-5950-fitted-hat"
"97","124401","0214211","makura-lithos"
"97","124402","0214221","makura-lithos"
"97","124103","021901","aegis-bracer-wrist-guard"
"97","124104","021902","aegis-bracer-wrist-guard"
"97","134054","021903","aegis-bracer-wrist-guard"
"97","124105","021904","aegis-bracer-wrist-guard"
"97","134344","0219111","mondor2768-dress"
"97","134025","0219211","mondor-3739-dress"
"97","133605","0219311","mondor-2762-dress"
"97","134358","0219911","mondor-664-dress"
"97","133616","0221011","rawlings-force-ml-spec"
"97","133623","0221021","rawlings-force-ml-spec"
"97","133619","0221031","rawlings-force-ml-spec"
"97","133617","0221041","rawlings-force-ml-spec"
"97","133938","0221051","rawlings-force-ml-spec"
"97","133618","0221061","rawlings-force-ml-spec"
"97","133627","0221081","rawlings-force-ml-spec"
"97","133626","0221091","rawlings-force-ml-spec"
"97","134306","02212311","oofos-5081-fibre-low"
"97","116540","02224","bauer-vap-1x-7d-used"
"97","137956","022261","sublimated-tie"
"97","133798","0222710","tydan-edge-mf"
"97","123525","022273","tydan-edge-mf"
"97","118917","022274","tydan-edge-mf"
"97","133799","022275","tydan-edge-mf"
"97","118918","022276","tydan-edge-mf"
"97","133800","022277","tydan-edge-mf"
"97","133801","022278","tydan-edge-mf"
"97","133797","022279","tydan-edge-mf"
"97","123653","0222810","tydan-edge-dlc"
"97","134056","022283","tydan-edge-dlc"
"97","118920","022284","tydan-edge-dlc"
"97","134058","022285","tydan-edge-dlc"
"97","118921","022286","tydan-edge-dlc"
"97","134057","022287","tydan-edge-dlc"
"97","123652","022288","tydan-edge-dlc"
"97","135291","022289","tydan-edge-dlc"
"97","118923","0222910","tydan-sb4-0-dlc-blk"
"97","123486","022293","tydan-sb4-0-dlc-blk"
"97","134255","022294","tydan-sb4-0-dlc-blk"
"97","118924","022295","tydan-sb4-0-dlc-blk"
"97","118925","022296","tydan-sb4-0-dlc-blk"
"97","123487","022297","tydan-sb4-0-dlc-blk"
"97","118926","022298","tydan-sb4-0-dlc-blk"
"97","134256","022299","tydan-sb4-0-dlc-blk"
"97","123488","022391","huskies-bauer-core-hoody"
"97","134517","0223910","huskies-bauer-core-hoody"
"97","123494","0223911","huskies-bauer-core-hoody"
"97","123489","022392","huskies-bauer-core-hoody"
"97","123490","022393","huskies-bauer-core-hoody"
"97","123491","022394","huskies-bauer-core-hoody"
"97","123492","022395","huskies-bauer-core-hoody"
"97","123493","022396","huskies-bauer-core-hoody"
"97","134515","022397","huskies-bauer-core-hoody"
"97","134516","022398","huskies-bauer-core-hoody"
"97","132945","02255","bauer-sup-ltx-pro-1-5ee"
"97","132649","022671","ravens-sub-hoodie"
"97","132644","022672","ravens-sub-hoodie"
"97","132657","022673","ravens-sub-hoodie"
"97","132641","022674","ravens-sub-hoodie"
"97","132656","022675","ravens-sub-hoodie"
"97","132652","022679","ravens-sub-hoodie"
"97","133915","022681","ravens-atc-ss-dryfit-tee"
"97","133920","022682","ravens-atc-ss-dryfit-tee"
"97","133913","022683","ravens-atc-ss-dryfit-tee"
"97","133921","022685","ravens-atc-ss-dryfit-tee"
"97","133914","022686","ravens-atc-ss-dryfit-tee"
"97","133505","022691","ravens-atc-dry-fit-shorts"
"97","133499","022692","ravens-atc-dry-fit-shorts"
"97","133500","022693","ravens-atc-dry-fit-shorts"
"97","133506","022694","ravens-atc-dry-fit-shorts"
"97","133504","022695","ravens-atc-dry-fit-shorts"
"97","136297","02277110","wolves-ss-tee"
"97","136265","0227715","wolves-ss-tee"
"97","136261","0227717","wolves-ss-tee"
"97","136290","0227718","wolves-ss-tee"
"97","136296","0227719","wolves-ss-tee"
"97","136266","02277210","wolves-ss-tee"
"97","136275","02277211","wolves-ss-tee"
"97","136287","02277212","wolves-ss-tee"
"97","136262","02277213","wolves-ss-tee"
"97","136274","0227722","wolves-ss-tee"
"97","136277","0227725","wolves-ss-tee"
"97","136289","0227726","wolves-ss-tee"
"97","136268","0227727","wolves-ss-tee"
"97","136288","0227728","wolves-ss-tee"
"97","136294","0227729","wolves-ss-tee"
"97","136276","02277312","wolves-ss-tee"
"97","136286","02277313","wolves-ss-tee"
"97","136270","0227736","wolves-ss-tee"
"97","136280","0227737","wolves-ss-tee"
"97","136279","0227738","wolves-ss-tee"
"97","138533","022781","wolves-plaid-ball-cap"
"97","136218","02279110","wolves-ls-tee"
"97","136242","0227916","wolves-ls-tee"
"97","136236","0227919","wolves-ls-tee"
"97","136249","02279210","wolves-ls-tee"
"97","136234","02279211","wolves-ls-tee"
"97","136240","0227926","wolves-ls-tee"
"97","136255","0227927","wolves-ls-tee"
"97","136256","0227928","wolves-ls-tee"
"97","136231","0227929","wolves-ls-tee"
"97","136377","02280111","wolves-hoodie"
"97","136401","02280112","wolves-hoodie"
"97","136400","02280113","wolves-hoodie"
"97","136412","0228016","wolves-hoodie"
"97","136365","02280211","wolves-hoodie"
"97","136360","02280213","wolves-hoodie"
"97","136367","02280214","wolves-hoodie"
"97","136396","0228026","wolves-hoodie"
"97","136373","0228027","wolves-hoodie"
"97","136389","02280314","wolves-hoodie"
"97","136881","0228036","wolves-hoodie"
"97","136370","0228038","wolves-hoodie"
"97","136376","02280411","wolves-hoodie"
"97","136405","02280412","wolves-hoodie"
"97","136399","0228046","wolves-hoodie"
"97","136414","0228047","wolves-hoodie"
"97","136410","0228048","wolves-hoodie"
"97","139826","022812","wolves-jacket"
"97","139830","022814","wolves-jacket"
"97","139827","022815","wolves-jacket"
"97","139824","022818","wolves-jacket"
"97","139886","022831","wolves-pj-pants"
"97","139874","022841","wolves-crew-neck-tee"
"97","139876","022842","wolves-crew-neck-tee"
"97","139875","022843","wolves-crew-neck-tee"
"97","139873","022844","wolves-crew-neck-tee"
"97","138572","02305G1","ravens-hoodie"
"97","139516","02306B1","ravens-puff-jacket"
"97","136350","0230711","ravens-ss-tee"
"97","136343","0230714","ravens-ss-tee"
"97","136353","0230715","ravens-ss-tee"
"97","136340","0230716","ravens-ss-tee"
"97","136347","0230717","ravens-ss-tee"
"97","136346","02307210","ravens-ss-tee"
"97","136345","0230725","ravens-ss-tee"
"97","138071","0230811","ravens-perf-tee"
"97","138063","0230816","ravens-perf-tee"
"97","138059","0230817","ravens-perf-tee"
"97","138070","0230823","ravens-perf-tee"
"97","138068","0230825","ravens-perf-tee"
"97","138065","0230826","ravens-perf-tee"
"97","138062","0230827","ravens-perf-tee"
"97","139623","023091","ravens-track-pant"
"97","123756","023101","ua-team-hustle-3-0-bkpk"
"97","139040","023111","woolwich-bella-3-4-slv"
"97","139648","023121","woolwich-ccm-j5590-jkt"
"97","138438","023141","woolwich-ccm-pant"
"97","139692","023151","woolwich-polo"
"97","133396","023446","graf-cowlings-pair-sr"
"97","133404","023456","graf-pro-goalie-runner"
"97","137862","02352L","ravens-ccm-f5592-fz-hoodie"
"97","116564","02361","bauer-vap-ltx-pro-4-5d-used"
"97","116588","02371","easton-synergy-100-y8-used"
"97","123475","023831","huskies-kewl-triumph-pnt"
"97","123476","023832","huskies-kewl-triumph-pnt"
"97","123477","023833","huskies-kewl-triumph-pnt"
"97","123478","023834","huskies-kewl-triumph-pnt"
"97","123480","0239021","csw-l00661-muskoka-hoody"
"97","123481","0239031","csw-l00661-muskoka-hoody"
"97","139460","023961","huskies-ccm-adj-c7576-hat"
"97","123483","023962","huskies-ccm-adj-c7576-hat"
"97","132443","02401","bauer-vapor-x900-8-5d-used"
"97","123880","0241311","tigers-3930-flex-hat"
"97","123876","0241321","tigers-3930-flex-hat"
"97","123877","0241331","tigers-3930-flex-hat"
"97","123879","0241341","tigers-3930-flex-hat"
"97","135309","0241351","tigers-3930-flex-hat"
"97","123760","024171","tigers-holt-ls-t-shirt"
"97","123762","0241710","tigers-holt-ls-t-shirt"
"97","123763","0241711","tigers-holt-ls-t-shirt"
"97","123764","0241712","tigers-holt-ls-t-shirt"
"97","123761","024172","tigers-holt-ls-t-shirt"
"97","123765","024173","tigers-holt-ls-t-shirt"
"97","123766","024174","tigers-holt-ls-t-shirt"
"97","123767","024175","tigers-holt-ls-t-shirt"
"97","138090","024176","tigers-holt-ls-t-shirt"
"97","123768","024177","tigers-holt-ls-t-shirt"
"97","123758","024178","tigers-holt-ls-t-shirt"
"97","123759","024179","tigers-holt-ls-t-shirt"
"97","123470","024181","tigers-brody-ss-t-shirt"
"97","137015","0241810","tigers-brody-ss-t-shirt"
"97","137017","0241811","tigers-brody-ss-t-shirt"
"97","123375","0241812","tigers-brody-ss-t-shirt"
"97","123472","0241813","tigers-brody-ss-t-shirt"
"97","137016","0241814","tigers-brody-ss-t-shirt"
"97","123473","0241815","tigers-brody-ss-t-shirt"
"97","123368","0241816","tigers-brody-ss-t-shirt"
"97","123369","0241817","tigers-brody-ss-t-shirt"
"97","123471","024182","tigers-brody-ss-t-shirt"
"97","123370","024183","tigers-brody-ss-t-shirt"
"97","123371","024184","tigers-brody-ss-t-shirt"
"97","123372","024185","tigers-brody-ss-t-shirt"
"97","123373","024186","tigers-brody-ss-t-shirt"
"97","137013","024187","tigers-brody-ss-t-shirt"
"97","137014","024188","tigers-brody-ss-t-shirt"
"97","123374","024189","tigers-brody-ss-t-shirt"
"97","139852","0243931","team-pillow"
"97","124371","0243932","team-pillow"
"97","123889","0243933","team-pillow"
"97","124193","024531","ravens-ccm-6509-cap"
"97","124194","024532","ravens-ccm-6509-cap"
"97","139504","0247111","wolves-atc3519-ss"
"97","138890","0247121","wolves-atc3519-ss"
"97","138894","0247131","wolves-atc3519-ss"
"97","138889","0247141","wolves-atc3519-ss"
"97","139801","024721","wolves-blanket"
"97","139514","024731","ravens-blanket"
"97","139481","024741","huskies-blanket"
"97","139357","024751","woolwich-wildcat-blanket"
"97","139501","024761","wolverines-blanket"
"97","116598","02478","vaughn-lt60-c-a-jr-m-used"
"97","139261","02481311","huskies-atc-hoody"
"97","139262","02481331","huskies-atc-hoody"
"97","139275","02482411","jerrys-209-dress"
"97","139276","02482412","jerrys-209-dress"
"97","124196","024841","bauer-2spro-custom"
"97","123447","0248911","dsc-women-s-tee"
"97","124142","0248912","dsc-women-s-tee"
"97","123445","0248921","dsc-women-s-tee"
"97","123446","0248922","dsc-women-s-tee"
"97","137722","0248931","dsc-women-s-tee"
"97","124140","0248932","dsc-women-s-tee"
"97","124141","0248941","dsc-women-s-tee"
"97","123444","0248942","dsc-women-s-tee"
"97","139789","0253831","wolverines-cc-hoody-ff-uni"
"97","139790","0253841","wolverines-cc-hoody-ff-uni"
"97","134066","0254231","wolves-atc-220y-yarn-front"
"97","134067","0254241","wolves-atc-220y-yarn-front"
"97","134876","0254251","wolves-atc-220y-yarn-front"
"97","134536","025531","atc-property-of-tigers-tee"
"97","134545","02553102","atc-property-of-tigers-tee"
"97","134530","0255311","atc-property-of-tigers-tee"
"97","134543","0255312","atc-property-of-tigers-tee"
"97","134522","025532","atc-property-of-tigers-tee"
"97","134532","0255321","atc-property-of-tigers-tee"
"97","134519","025533","atc-property-of-tigers-tee"
"97","134534","0255331","atc-property-of-tigers-tee"
"97","134528","0255332","atc-property-of-tigers-tee"
"97","134546","0255341","atc-property-of-tigers-tee"
"97","134538","0255342","atc-property-of-tigers-tee"
"97","134520","025535","atc-property-of-tigers-tee"
"97","134544","0255351","atc-property-of-tigers-tee"
"97","134539","0255352","atc-property-of-tigers-tee"
"97","134521","025536","atc-property-of-tigers-tee"
"97","134529","0255361","atc-property-of-tigers-tee"
"97","134547","0255362","atc-property-of-tigers-tee"
"97","134531","025537","atc-property-of-tigers-tee"
"97","134540","0255372","atc-property-of-tigers-tee"
"97","134524","025538","atc-property-of-tigers-tee"
"97","134535","0255381","atc-property-of-tigers-tee"
"97","134542","0255382","atc-property-of-tigers-tee"
"97","134523","025539","atc-property-of-tigers-tee"
"97","134537","0255391","atc-property-of-tigers-tee"
"97","134525","0255392","atc-property-of-tigers-tee"
"97","137782","025541","atc-f220-tigers-mom-hoody"
"97","123808","025542","atc-f220-tigers-mom-hoody"
"97","123809","025543","atc-f220-tigers-mom-hoody"
"97","123810","025544","atc-f220-tigers-mom-hoody"
"97","137781","025545","atc-f220-tigers-mom-hoody"
"97","137783","025546","atc-f220-tigers-mom-hoody"
"97","137696","02558251","wildfire-dryfit-t-shirt-hsf"
"97","137687","02558261","wildfire-dryfit-t-shirt-hsf"
"97","137690","02558561","wildfire-dryfit-t-shirt-hsf"
"97","123405","02558581","wildfire-dryfit-t-shirt-hsf"
"97","123406","02558591","wildfire-dryfit-t-shirt-hsf"
"97","137693","02558601","wildfire-dryfit-t-shirt-hsf"
"97","123407","02558621","wildfire-dryfit-t-shirt-hsf"
"97","123408","02558631","wildfire-dryfit-t-shirt-hsf"
"97","123409","02558641","wildfire-dryfit-t-shirt-hsf"
"97","123474","02558671","wildfire-dryfit-t-shirt-hsf"
"97","137777","025589151","wildfire-atc2201-hood-hsf"
"97","123464","025589201","wildfire-atc2201-hood-hsf"
"97","137780","025589251","wildfire-atc2201-hood-hsf"
"97","137198","025589261","wildfire-atc2201-hood-hsf"
"97","137203","025589301","wildfire-atc2201-hood-hsf"
"97","123465","025589561","wildfire-atc2201-hood-hsf"
"97","123466","025589581","wildfire-atc2201-hood-hsf"
"97","137776","025589591","wildfire-atc2201-hood-hsf"
"97","123467","025589601","wildfire-atc2201-hood-hsf"
"97","124178","025590201","wildfire-atc2201hood-twill"
"97","124179","025590261","wildfire-atc2201hood-twill"
"97","137703","025590301","wildfire-atc2201hood-twill"
"97","124180","025590521","wildfire-atc2201hood-twill"
"97","137704","025590581","wildfire-atc2201hood-twill"
"97","123646","02559BK","ravens-ccm-adj-c7576-hat"
"97","69896","025801","stx-head-stallion-u-700-unstr"
"97","69897","025802","stx-head-stallion-u-700-unstr"
"97","121748","02583","bauer-sup-ign-pro-7d-used"
"97","121822","02629","easton-synergy-100-yth-9-used"
"97","138308","0265511","coyote-sub-jersey-sr"
"97","138310","0265512","coyote-sub-jersey-sr"
"97","138311","0265521","coyote-sub-jersey-sr"
"97","138309","0265522","coyote-sub-jersey-sr"
"97","138312","0265531","coyote-sub-jersey-sr"
"97","138307","0265532","coyote-sub-jersey-sr"
"97","138936","0265611","coyote-sub-jersey-ad"
"97","138939","0265612","coyote-sub-jersey-ad"
"97","138938","0265621","coyote-sub-jersey-ad"
"97","138940","0265622","coyote-sub-jersey-ad"
"97","138941","0265631","coyote-sub-jersey-ad"
"97","138942","0265632","coyote-sub-jersey-ad"
"97","138943","0265641","coyote-sub-jersey-ad"
"97","138937","0265642","coyote-sub-jersey-ad"
"97","123236","0265711","softec-st3200-vista"
"97","138982","0265712","softec-st3200-vista"
"97","123235","0265721","softec-st3200-vista"
"97","123234","0265722","softec-st3200-vista"
"97","123233","0265731","softec-st3200-vista"
"97","138979","0265732","softec-st3200-vista"
"97","123238","0265733","softec-st3200-vista"
"97","123229","0265741","softec-st3200-vista"
"97","123232","0265742","softec-st3200-vista"
"97","138980","0265743","softec-st3200-vista"
"97","123231","0265751","softec-st3200-vista"
"97","123230","0265753","softec-st3200-vista"
"97","123228","0265761","softec-st3200-vista"
"97","123237","0265762","softec-st3200-vista"
"97","123241","0265763","softec-st3200-vista"
"97","123242","0265771","softec-st3200-vista"
"97","123243","0265772","softec-st3200-vista"
"97","123240","0265781","softec-st3200-vista"
"97","123567","02667","jackson-glacier-120-sz-2-used"
"97","123263","026871","gam-stella"
"97","123264","026872","gam-stella"
"97","123266","026881","gam-select-49"
"97","123267","026882","gam-select-49"
"97","123268","026883","gam-select-49"
"97","127779","0276529","demarini-bustos-19-fp-13"
"97","127780","0276530","demarini-bustos-19-fp-13"
"97","127782","0276531","demarini-bustos-19-fp-13"
"97","127781","0276532","demarini-bustos-19-fp-13"
"97","127786","0276628","demarini-19-uprisingfp-12"
"97","127788","0276629","demarini-19-uprisingfp-12"
"97","127789","0276630","demarini-19-uprisingfp-12"
"97","127790","0276631","demarini-19-uprisingfp-12"
"97","127787","0276632","demarini-19-uprisingfp-12"
"97","127784","0276734","demarini-19-cf-insane-fp-10"
"97","127767","0276832","demarini-19-cf-zen-fp-10"
"97","127768","0276833","demarini-19-cf-zen-fp-10"
"97","127769","0276834","demarini-19-cf-zen-fp-10"
"97","127771","0276932","demarini-19-cf-zen-11"
"97","127772","0276933","demarini-19-cf-zen-11"
"97","127774","0277030","demarini-19-vendetta-fp-12"
"97","127777","0277031","demarini-19-vendetta-fp-12"
"97","127776","0277032","demarini-19-vendetta-fp-12"
"97","127775","0277033","demarini-19-vendetta-fp-12"
"97","139454","027711","easton-gameday-flex-hat"
"97","139455","027712","easton-gameday-flex-hat"
"97","127801","027761","hot-glove-power-band"
"97","127800","027762","hot-glove-power-band"
"97","127802","027763","hot-glove-power-band"
"97","127795","027771","lizard-skins"
"97","127796","027772","lizard-skins"
"97","139650","0277811","gilden-1850-hoody-sr"
"97","139652","0277821","gilden-1850-hoody-sr"
"97","139651","0277831","gilden-1850-hoody-sr"
"97","139750","027811","trek-anti-skid-guard"
"97","139751","027812","trek-anti-skid-guard"
"97","139668","0278211","nash-blade-covers"
"97","139667","0278212","nash-blade-covers"
"97","139666","0278221","nash-blade-covers"
"97","139665","0278222","nash-blade-covers"
"97","139738","027841","easton-m5-yth-lg-13-5"
"97","139610","028041","atc-f220-royals-mom-hoody"
"97","139609","028042","atc-f220-royals-mom-hoody"
"97","139607","028043","atc-f220-royals-mom-hoody"
"97","139611","028044","atc-f220-royals-mom-hoody"
"97","139608","028045","atc-f220-royals-mom-hoody"
"97","139612","028046","atc-f220-royals-mom-hoody"
"97","139688","0280785","wilson-gold-seal-rev"
"97","139689","028079","wilson-gold-seal-rev"
"97","127931","028131","berio-coach-board"
"97","127936","028132","berio-coach-board"
"97","127932","028133","berio-coach-board"
"97","127934","028134","berio-coach-board"
"97","127935","028135","berio-coach-board"
"97","127933","028136","berio-coach-board"
"97","127937","028137","berio-coach-board"
"97","127938","028138","berio-coach-board"
"97","128008","028441","exel-f40-2-9-white-92"
"97","128007","028442","exel-f40-2-9-white-92"
"97","128011","028451","exel-p40-3-4-round-sb-grey"
"97","128010","028452","exel-p40-3-4-round-sb-grey"
"97","128013","028471","exel-p60-2-9-white-round"
"97","128015","028472","exel-p60-2-9-white-round"
"97","134694","0286011","preds-bodie-ss-sr-tee"
"97","134691","0286012","preds-bodie-ss-sr-tee"
"97","134692","0286021","preds-bodie-ss-sr-tee"
"97","134687","0286022","preds-bodie-ss-sr-tee"
"97","134688","0286031","preds-bodie-ss-sr-tee"
"97","134695","0286032","preds-bodie-ss-sr-tee"
"97","134689","0286041","preds-bodie-ss-sr-tee"
"97","134690","0286042","preds-bodie-ss-sr-tee"
"97","134696","0286071","preds-bodie-ss-sr-tee"
"97","134693","0286072","preds-bodie-ss-sr-tee"
"97","135278","0286111","preds-bodie-ss-yth-tee"
"97","134702","0286112","preds-bodie-ss-yth-tee"
"97","135280","0286121","preds-bodie-ss-yth-tee"
"97","134705","0286122","preds-bodie-ss-yth-tee"
"97","134699","0286131","preds-bodie-ss-yth-tee"
"97","134709","0286132","preds-bodie-ss-yth-tee"
"97","135279","0286141","preds-bodie-ss-yth-tee"
"97","134698","0286142","preds-bodie-ss-yth-tee"
"97","128035","028632311","ccm-eflex-4-9-int-pad"
"97","128033","028632911","ccm-eflex-4-9-int-pad"
"97","128034","028633011","ccm-eflex-4-9-int-pad"
"97","128036","028633111","ccm-eflex-4-9-int-pad"
"97","128038","0286411","ccm-eflex-4-9-int-glv"
"97","128040","0286511","ccm-eflex-4-9-int-block"
"97","128046","0286711","ccm-eflex-4-5-jr-glv"
"97","135099","0286721","ccm-eflex-4-5-catch-jr"
"97","128048","0286811","ccm-eflex-4-5-jr-block"
"97","134144","0286821","ccm-eflex-4-5-blocker-jr"
"97","128050","0286931","kr3-big-barrel-pro-maple"
"97","128052","0287036","kr3-fungo-bat-36-burnt"
"97","156422","02871311","kr3-canadian-rock-maple"
"97","156660","02871312","kr3-canadian-rock-maple"
"97","128054","0287132","kr3-canadian-rock-maple"
"97","156421","02871321","kr3-canadian-rock-maple"
"97","156420","02871322","kr3-canadian-rock-maple"
"97","128056","0287133","kr3-canadian-rock-maple"
"97","156419","02871331","kr3-canadian-rock-maple"
"97","156418","02871332","kr3-canadian-rock-maple"
"97","156659","02871341","kr3-canadian-rock-maple"
"97","156417","02871342","kr3-canadian-rock-maple"
"97","128057","0287232","kr3-eagle-magnum-pat-5"
"97","128058","0287233","kr3-eagle-magnum-pat-5"
"97","137161","0287311","profeet-270-2-in-1"
"97","137160","0287312","profeet-270-2-in-1"
"97","137157","0287321","profeet-270-2-in-1"
"97","137158","0287322","profeet-270-2-in-1"
"97","137162","0287331","profeet-270-2-in-1"
"97","137159","0287332","profeet-270-2-in-1"
"97","137215","0287411","profeet-msp27series"
"97","137216","0287421","profeet-msp27series"
"97","137217","0287431","profeet-msp27series"
"97","128072","028761","victus-v110-gritte-matte"
"97","128071","028762","victus-v110-gritte-matte"
"97","136662","0288011","wolves-atc-gameday-yth"
"97","136665","0288021","wolves-atc-gameday-yth"
"97","136664","0288031","wolves-atc-gameday-yth"
"97","136663","0288041","wolves-atc-gameday-yth"
"97","128110","0288631","b45-pro-select-b243v-matte"
"97","128136","028863126","b45-pro-select-b243v-matte"
"97","128112","0288632","b45-pro-select-b243v-matte"
"97","128111","0288633","b45-pro-select-b243v-matte"
"97","128113","02886335","b45-pro-select-b243v-matte"
"97","128121","0288826","b45-pro-selectb110v"
"97","128120","0288828","b45-pro-selectb110v"
"97","128122","0288829","b45-pro-selectb110v"
"97","128118","0288830","b45-pro-selectb110v"
"97","128119","0288830.5","b45-pro-selectb110v"
"97","128169","02893111","b45-pro-select-tj19"
"97","128141","02948","jackson-mystique-2c-used"
"97","128143","0300","bauer-ignite-pro-5-5ee-used"
"97","128177","030011","grays-x2000-jr-comp-stk-35"
"97","128178","030012","grays-x2000-jr-comp-stk-35"
"97","128179","030013","grays-x2000-jr-comp-stk-35"
"97","128285","03009","bauer-sup-ignite-4-5d-used"
"97","129290","03035","bauer-nexus-pant-jr-m-usd"
"97","131307","030352","reebok-87-12-sg-used"
"97","131308","030353","bauer-sup-s170-3d-used"
"97","130182","03037","bauer-vap-x900-11d-yth"
"97","139937","0430211","mondor-4403-pant"
"97","139942","0440311","mondor-4403-dress"
"97","139941","0440322","mondor-4403-dress"
"97","141941","0440324","mondor-4403-dress"
"97","139943","0440333","mondor-4403-dress"
"97","142692","050386000156","blitzball-in-poly-bag"
"97","69886","052361250","louisville-fg-zephyr-glove-reg"
"97","154416","052931899512","capezio-shrug"
"97","154414","052931899642","capezio-short"
"97","154410","052931899659","capezio-short"
"97","154413","052931899666","capezio-short"
"97","154409","052931899673","capezio-short"
"97","154411","052931900270","capezio-short"
"97","154412","052931900294","capezio-short"
"97","69689","0531811","mizuno-elite-padded-slideshort"
"97","69690","0531812","mizuno-elite-padded-slideshort"
"97","69691","0531813","mizuno-elite-padded-slideshort"
"97","69692","0531814","mizuno-elite-padded-slideshort"
"97","72355","0531823","mizuno-elite-padded-slideshort"
"97","70043","05378","jackson-glacier-120-sz-2-used"
"97","70523","0538530","louisville-leg-lte-ash-t141-bt"
"97","93421","0538532","louisville-leg-lte-ash-t141-bt"
"97","70939","055263330","demarini-s243-pro-mpl-comp-bat"
"97","86939","0563555D","bauer-vapor-1x-gs-jr"
"97","140792","05723053","ccm-js-xtra-pro-17-sr"
"97","140794","05723101","ccm-js-xtra-pro-17-sr"
"97","140799","05724071","ccm-js-xtra-pro-17-sr"
"97","140801","05724073","ccm-js-xtra-pro-17-sr"
"97","140803","05724091","ccm-js-xtra-pro-17-sr"
"97","86351","057780101","bauer-prem-ls-gr-crew-top-yth"
"97","75096","057780201","bauer-prem-ls-gr-crew-top-yth"
"97","75128","057780301","bauer-prem-ls-gr-crew-top-yth"
"97","74612","057810101","bauer-prem-comp-jock-pant-yth"
"97","74613","057810201","bauer-prem-comp-jock-pant-yth"
"97","74614","057810301","bauer-prem-comp-jock-pant-yth"
"97","74615","057810401","bauer-prem-comp-jock-pant-yth"
"97","74616","057810501","bauer-prem-comp-jock-pant-yth"
"97","92976","0589511","atc-yls350-youth-long-sl"
"97","92978","0589513","atc-yls350-youth-long-sl"
"97","92981","0589522","atc-yls350-youth-long-sl"
"97","92982","0589523","atc-yls350-youth-long-sl"
"97","92984","0589531","atc-yls350-youth-long-sl"
"97","92985","0589532","atc-yls350-youth-long-sl"
"97","92987","0589534","atc-yls350-youth-long-sl"
"97","92990","0589543","atc-yls350-youth-long-sl"
"97","92991","0589544","atc-yls350-youth-long-sl"
"97","99586","0590321","ccm-j5590-wolves-prem-jkt-yth"
"97","157333","0590332","ccm-j5590-wolves-prem-jkt-yth_0590332"
"97","157334","0590342","ccm-j5590-wolves-prem-jkt-yth_0590342"
"97","76678","0590351","ccm-j5590-wolves-prem-jkt-yth"
"97","157335","0590352","ccm-j5590-wolves-prem-jkt-yth_0590352"
"97","99589","0590361","ccm-j5590-wolves-prem-jkt-yth"
"97","157338","0590412","ccm-j5591-wolves-prem-pant-sr_0590412"
"97","75660","0590421","ccm-j5591-wolves-prem-pant-sr"
"97","105573","0590431","ccm-j5591-wolves-prem-pant-sr"
"97","99598","0590441","ccm-j5591-wolves-prem-pant-sr"
"97","99599","0590451","ccm-j5591-wolves-prem-pant-sr"
"97","99601","0590461","ccm-j5591-wolves-prem-pant-sr"
"97","99604","0590511","ccm-j5591-wolves-prem-pant-yth"
"97","99605","0590521","ccm-j5591-wolves-prem-pant-yth"
"97","157339","0590522","ccm-j5591-wolves-prem-pant-yth_0590522"
"97","99607","0590531","ccm-j5591-wolves-prem-pant-yth"
"97","99609","0590541","ccm-j5591-wolves-prem-pant-yth"
"97","75661","0590551","ccm-j5591-wolves-prem-pant-yth"
"97","105574","0590561","ccm-j5591-wolves-prem-pant-yth"
"97","99642","059080101","ccm-j6666-wolves-mw-jkt-yth"
"97","115487","059080201","ccm-j6666-wolves-mw-jkt-yth"
"97","99646","059080301","ccm-j6666-wolves-mw-jkt-yth"
"97","105592","059080401","ccm-j6666-wolves-mw-jkt-yth"
"97","99650","059080501","ccm-j6666-wolves-mw-jkt-yth"
"97","105593","059080601","ccm-j6666-wolves-mw-jkt-yth"
"97","99676","059110401","ccm-j5647-wolves-wtr-jkt-yth"
"97","99677","059110501","ccm-j5647-wolves-wtr-jkt-yth"
"97","99678","059110601","ccm-j5647-wolves-wtr-jkt-yth"
"97","105533","0591941","ccm-f6568-wolves-pull-hood-yth"
"97","74584","0595012","ccm-pro-cert-cateye-goal-fm-sr"
"97","74585","0595022","ccm-pro-cert-cateye-goal-fm-sr"
"97","74586","0595032","ccm-pro-cert-cateye-goal-fm-sr"
"97","72250","059671","bauer-s17-sup-ignite-pro-sr-sp"
"97","72251","059672","bauer-s17-sup-ignite-pro-sr-sp"
"97","72252","059673","bauer-s17-sup-ignite-pro-sr-sp"
"97","72254","059681","bauer-s17-sup-ignite-pro-jr-sp"
"97","72256","059683","bauer-s17-sup-ignite-pro-jr-sp"
"97","72261","059701","bauer-s17-sup-ignite-pro-sr-sp"
"97","72262","059702","bauer-s17-sup-ignite-pro-sr-sp"
"97","72263","059703","bauer-s17-sup-ignite-pro-sr-sp"
"97","87395","059711","bauer-s17-sup-ignite-pro-jr-sp"
"97","72265","059712","bauer-s17-sup-ignite-pro-jr-sp"
"97","72266","059713","bauer-s17-sup-ignite-pro-jr-sp"
"97","72267","059721","bauer-s17-sup-ignite-pro-srsg"
"97","72268","059722","bauer-s17-sup-ignite-pro-srsg"
"97","72269","059723","bauer-s17-sup-ignite-pro-srsg"
"97","72270","059724","bauer-s17-sup-ignite-pro-srsg"
"97","96305","060413XL","ccm-premium-skate-jacket-sr"
"97","96762","06041S","ccm-premium-skate-jacket-sr"
"97","96301","06041XL","ccm-premium-skate-jacket-sr"
"97","96764","06041XXL","ccm-premium-skate-jacket-sr"
"97","140254","06046153","ccm-supertacks-2-0-sr"
"97","142209","06046161","ccm-supertacks-2-0-sr"
"97","140253","06046211","ccm-supertacks-2-0-sr"
"97","140808","06046232","ccm-supertacks-2-0-sr"
"97","140811","06046292","ccm-supertacks-2-0-sr"
"97","86294","060611","bauer-vapor-xltx-pro-16-sp-jr"
"97","72654","060612","bauer-vapor-xltx-pro-16-sp-jr"
"97","86295","060614","bauer-vapor-xltx-pro-16-sp-jr"
"97","72659","060631","bauer-s17-sup-ignt-pro-ep-sr-s"
"97","72660","060632","bauer-s17-sup-ignt-pro-ep-sr-m"
"97","72661","060633","bauer-s17-sup-ignt-pro-ep-sr-l"
"97","72662","060641","bauer-s17-sup-ignt-pro-ep-jr-s"
"97","86296","060642","bauer-s17-sup-ignt-pro-ep-jr"
"97","72663","060643","bauer-s17-sup-ignt-pro-ep-jr-l"
"97","72676","060691","bauer-s17-sup-ignt-pro-ep-sr"
"97","72678","060693","bauer-s17-sup-ignt-pro-ep-sr"
"97","72679","061001","bauer-s17-sup-ignt-pro-ep-jr"
"97","86298","061002","bauer-s17-sup-ignt-pro-ep-jr"
"97","72680","061003","bauer-s17-sup-ignt-pro-ep-jr"
"97","72854","06118","bauer-vapor-xltx-1-5d-used"
"97","106749","061201","twins-mizuno-1-4-zip-wp-jkt-sr"
"97","106750","061202","twins-mizuno-1-4-zip-wp-jkt-sr"
"97","106751","061203","twins-mizuno-1-4-zip-wp-jkt-sr"
"97","106752","061204","twins-mizuno-1-4-zip-wp-jkt-sr"
"97","106753","061205","twins-mizuno-1-4-zip-wp-jkt-sr"
"97","106754","061206","twins-mizuno-1-4-zip-wp-jkt-sr"
"97","106590","061211","twins-mizuno-1-4-zip-wp-jkt-yt"
"97","106592","061213","twins-mizuno-1-4-zip-wp-jkt-yt"
"97","106593","061214","twins-mizuno-1-4-zip-wp-jkt-yt"
"97","74205","061492411","ccm-extreme-flex-iii-int-price"
"97","79382","061492421","ccm-extreme-flex-iii-int-price"
"97","79383","061492431","ccm-extreme-flex-iii-int-price"
"97","79384","06149C411","ccm-extreme-flex-iii-int-craw2"
"97","73076","0615132","mondor-2711-dress-yth-8-10-pnk"
"97","137840","0615133","mondor-2711-dress-yth"
"97","73077","0615141","mondor-2711-dress-yth-10-12-ja"
"97","73078","0615142","mondor-2711-dress-yth-10-12-pn"
"97","73114","0615152","mondor-2711-dress-yth-12-14-pn"
"97","73319","06216","bauer-vapor-ltx-pro-4d-used"
"97","73492","062632421","ccm-extreme-flex-iii-int-24-wh"
"97","134315","062781192","bauer-s17-sup-1s-gr-jr"
"97","134310","062781288","bauer-s17-sup-1s-gr-jr"
"97","134308","062781292","bauer-s17-sup-1s-gr-jr"
"97","134309","062782188","bauer-s17-sup-1s-gr-jr"
"97","134311","062782192","bauer-s17-sup-1s-gr-jr"
"97","73651","062841192","bauer-s17-s-igpro-gr-sr-lt-87"
"97","73652","062841288","bauer-s17-s-igpro-gr-sr-lt-77"
"97","73655","062842188","bauer-s17-s-igpro-gr-sr-rt-87"
"97","73656","062842192","bauer-s17-s-igpro-gr-sr-rt-87"
"97","73657","062842292","bauer-s17-s-igpro-gr-sr-rt-77"
"97","73678","062901","bauer-s17-sup-is-xl-cmp-mini"
"97","73679","062902","bauer-s17-sup-is-xl-cmp-mini"
"97","134370","06315101","ccm-maxx-17-jr"
"97","134365","06315103","ccm-maxx-17-jr"
"97","134366","0631521","ccm-maxx-17-jr"
"97","134379","0631551","ccm-maxx-17-jr"
"97","134362","0631561","ccm-maxx-17-jr"
"97","134367","0631571","ccm-maxx-17-jr"
"97","134364","0631573","ccm-maxx-17-jr"
"97","134369","0631581","ccm-maxx-17-jr"
"97","134363","0631583","ccm-maxx-17-jr"
"97","134368","0631591","ccm-maxx-17-jr"
"97","75414","0632211","ccm-tacks-110-helmet-combo-sr"
"97","103206","0632213","ccm-tacks-110-helmet-combo-sr"
"97","73761","0632221","ccm-tacks-110-helmet-combo-sr"
"97","75415","0632222","ccm-tacks-110-helmet-combo-sr"
"97","100312","0632223","ccm-tacks-110-helmet-combo-sr"
"97","75417","0632232","ccm-tacks-110-helmet-combo-sr"
"97","100314","0632233","ccm-tacks-110-helmet-combo-sr"
"97","86411","0640401","wolverines-flex-jkt-jr"
"97","86412","0640402","wolverines-flex-jkt-jr"
"97","86413","0640403","wolverines-flex-jkt-jr"
"97","86416","0640404","wolverines-flex-jkt-jr"
"97","86414","0640405","wolverines-flex-jkt-jr"
"97","86415","0640406","wolverines-flex-jkt-jr"
"97","86425","064071","wolverines-bubble-jkt-sr"
"97","86426","064072","wolverines-bubble-jkt-sr"
"97","86427","064073","wolverines-bubble-jkt-sr"
"97","92787","0685311","wolverines-s350-sr-tee"
"97","92786","0685331","wolverines-s350-sr-tee"
"97","92792","0685371","wolverines-s350-sr-tee"
"97","113685","0686030816","ak-hs2100-pro-sock"
"97","74872","06988","easton-stealth-jr-med-sp-used"
"97","75670","0701521","wolves-flex-fz-tech-fleece-sr"
"97","86379","0701531","wolves-flex-fz-tech-fleece-sr"
"97","76229","0701541","wolves-flex-fz-tech-fleece-sr"
"97","115481","0701611","wolves-flex-fz-tech-fleece-yth"
"97","88302","0701612","wolves-flex-fz-tech-fleece-yth"
"97","85885","0701621","wolves-flex-fz-tech-fleece-yth"
"97","85877","0701622","wolves-flex-fz-tech-fleece-yth"
"97","115482","0701631","wolves-flex-fz-tech-fleece-yth"
"97","75667","0701632","wolves-flex-fz-tech-fleece-yth"
"97","85889","0701641","wolves-flex-fz-tech-fleece-yth"
"97","75668","0701642","wolves-flex-fz-tech-fleece-yth"
"97","115483","0701651","wolves-flex-fz-tech-fleece-yth"
"97","85893","0701661","wolves-flex-fz-tech-fleece-yth"
"97","75669","0701662","wolves-flex-fz-tech-fleece-yth"
"97","105519","0705741","jackson-5200-boot"
"97","85003","07085","jackson-excell-3-5-c"
"97","75088","07124","bauer-vapor-ltx-2-5d-used"
"97","75355","0721611","cutters-rev-2-0-receiver-glv"
"97","75356","0721612","cutters-rev-2-0-receiver-glv"
"97","75357","0721621","cutters-rev-2-0-receiver-glv"
"97","75358","0721622","cutters-rev-2-0-receiver-glv"
"97","75359","0721631","cutters-rev-2-0-receiver-glv"
"97","75360","0721632","cutters-rev-2-0-receiver-glv"
"97","75514","07262","new-item"
"97","75710","07336","jackson-mystique-2c-used"
"97","75912","07374","jackson-mystique-13-5c"
"97","75972","07410","bauer-sup-ltx-pro-2d-used"
"97","86116","0743415","wildcat-bh-twill-w-hoody-yth"
"97","86117","0743416","wildcat-bh-twill-w-hoody-yth"
"97","109895","0745922","wilmont-campuscrew-short"
"97","76285","07571","jackson-mystique-sz-2-used"
"97","76290","07601","bauer-sup-ltx-pro-1d-used"
"97","98367","076232","jerrys-s108-pant"
"97","76342","07633","jackson-freestyle-4-5-used"
"97","93929","0772903","easton-syefp3000-1b"
"97","77011","0772904","easton-syefp3000-1b-rt"
"97","84875","077301","easton-stfp-stealth-pro-12-75"
"97","84876","077302","easton-stfp-stealth-pro-12-25"
"97","84877","077303","easton-stfp-stealth-pro-11-75"
"97","78119","0779427","mizuno-finch-fp-13-27"
"97","78467","0779428","mizuno-finch-fp-13-28"
"97","78468","0779429","mizuno-finch-fp-13-29"
"97","78469","0779430","mizuno-finch-fp-13-30"
"97","78470","0779431","mizuno-finch-fp-13-31"
"97","78471","0779432","mizuno-finch-fp-13-32"
"97","78120","0779433","mizuno-finch-fp-13-33"
"97","116390","0782910124F","mondor-2765-dress-jr-10-12-4f"
"97","116030","078331214RQ","mondor-12927-dress-jr-12-14-rq"
"97","133290","078441","ak-zh101-sub-jersey"
"97","133291","078442","ak-zh101-sub-jersey"
"97","133286","078443","ak-zh101-sub-jersey"
"97","133288","078445","ak-zh101-sub-jersey"
"97","112038","0787012","vaughn-ve8-carbn-pro-sr-c-a"
"97","81277","0787031","vaughn-ve8-carbn-pro-sr-c-a"
"97","112039","0787032","vaughn-ve8-carbn-pro-sr-c-a"
"97","81278","0787041","vaughn-ve8-carbn-pro-sr-c-a"
"97","81276","0787042","vaughn-ve8-carbn-pro-sr-c-a"
"97","138574","078711","vaughn-ve8-pro-c-a-sr-blk"
"97","112276","078712","vaughn-ve8-pro-c-a-sr-blk"
"97","112277","078713","vaughn-ve8-pro-c-a-sr-blk"
"97","112278","078714","vaughn-ve8-pro-c-a-sr-blk"
"97","112279","078715","vaughn-ve8-pro-c-a-sr-blk"
"97","144333","078914007750","hot-glove-band"
"97","139089","0792452","jackson-freestyle-fusion"
"97","124123","07924551","jackson-freestyle-fusion"
"97","124124","0792471","jackson-freestyle-fusion"
"97","124125","07924751","jackson-freestyle-fusion"
"97","124126","0792481","jackson-freestyle-fusion"
"97","112281","0794241","vaughn-slr-pro-c-c-a-sr"
"97","81294","079452621","vaughn-ve8-jr-gp"
"97","81306","0794831","vaughn-ve8-int-c-a"
"97","81307","0794841","vaughn-ve8-int-c-a"
"97","139884","0794911","vaughn-ve8-jr-c-a"
"97","112283","0794921","vaughn-ve8-jr-c-a"
"97","81309","0795011","vaughn-ve8-pro-gp-sr"
"97","81310","0795012","vaughn-ve8-pro-gp-sr"
"97","81311","0795021","vaughn-ve8-pro-gp-sr"
"97","81312","0795022","vaughn-ve8-pro-gp-sr"
"97","112061","0795031","vaughn-ve8-pro-gp-sr"
"97","112285","0795131","vaughn-ve8-pro-gp-int"
"97","112286","0795132","vaughn-ve8-pro-gp-int"
"97","112287","0795141","vaughn-ve8-pro-gp-int"
"97","112288","0795142","vaughn-ve8-pro-gp-int"
"97","112289","0795151","vaughn-ve8-pro-gp-int"
"97","112290","0795152","vaughn-ve8-pro-gp-int"
"97","81314","0795211","vaughn-slr-c-a-jr"
"97","81315","0795221","vaughn-slr-c-a-jr"
"97","81316","0795231","vaughn-slr-c-a-jr"
"97","81302","0795311","vaughn-slr-gp-jr"
"97","112148","0795312","vaughn-slr-gp-jr"
"97","81298","0795321","vaughn-slr-gp-jr"
"97","81299","0795322","vaughn-slr-gp-jr"
"97","81300","0795331","vaughn-slr-gp-jr"
"97","112052","0795332","vaughn-slr-gp-jr"
"97","112054","0795341","vaughn-slr-gp-jr"
"97","81301","0795342","vaughn-slr-gp-jr"
"97","79000","0800211","bauer-s18-s27-gp-jr-wht-s"
"97","79001","0800212","bauer-s18-s27-gp-jr-wht-m"
"97","79002","0800213","bauer-s18-s27-gp-jr-wht-l"
"97","139904","0800214","bauer-s18-s27-gp-jr"
"97","79090","08024101","bauer-s18-s27-gskt-jr-5-5-d"
"97","79091","08024102","bauer-s18-s27-gskt-jr-5-5-ee"
"97","139442","0802411","bauer-s18-s27-gskt-jr"
"97","139149","0802421","bauer-s18-s27-gskt-jr"
"97","139142","0802431","bauer-s18-s27-gskt-jr"
"97","139139","0802441","bauer-s18-s27-gskt-jr"
"97","79092","0802451","bauer-s18-s27-gskt-jr-3-d"
"97","79093","0802461","bauer-s18-s27-gskt-jr-3-5-d"
"97","79094","0802462","bauer-s18-s27-gskt-jr-3-5-ee"
"97","79095","0802471","bauer-s18-s27-gskt-jr-4-d"
"97","85694","0802472","bauer-s18-s27-gskt-jr"
"97","79096","0802481","bauer-s18-s27-gskt-jr-4-5-d"
"97","79097","0802482","bauer-s18-s27-gskt-jr-4-5-ee"
"97","79098","0802491","bauer-s18-s27-gskt-jr-5-d"
"97","79099","0802492","bauer-s18-s27-gskt-jr-5-ee"
"97","78938","08039L","ccm-tacks-7092-sp-sr-l"
"97","78965","08057M","ccm-tacks-7092-sp-sr-m"
"97","78966","08057S","ccm-tacks-7092-sp-sr-s"
"97","138653","080707","step-vertex-edge-goal"
"97","79148","080708","step-vertex-edge-goal-8"
"97","138652","080709","step-vertex-edge-goal"
"97","79334","080711","ccm-1-5-cwd-goal-mask-yth-blk"
"97","138836","080712","ccm-1-5-cwd-goal-mask-yth"
"97","137795","08097J","elite-pro-shin-guard-straps"
"97","79155","08097S","elite-pro-shin-guard-straps-sr"
"97","127471","083321221590","rawlings-velo-catch-set"
"97","142507","083321302367","rawlings-5-pc-base-set"
"97","125870","083321529290","rawlings-velo-comp"
"97","125871","083321529306","rawlings-velo-comp"
"97","125872","083321529313","rawlings-velo-comp"
"97","125873","083321529320","rawlings-velo-comp"
"97","125869","083321529337","rawlings-velo-comp"
"97","126402","083321531767","rawlings-r9206-9bsg"
"97","126403","083321531767","rawlings-r9206-9bsg"
"97","123143","083321541360","rawlings-launch-pip-kn-pnt-yth"
"97","123144","083321541377","rawlings-launch-pip-kn-pnt-yth"
"97","123146","083321541421","rawlings-launch-pip-kn-pnt-yth"
"97","123147","083321541438","rawlings-launch-pip-kn-pnt-yth"
"97","123149","083321541452","rawlings-launch-pip-kn-pnt-yth"
"97","123150","083321541469","rawlings-launch-pip-kn-pnt-yth"
"97","123151","083321541476","rawlings-launch-pip-kn-pnt-yth"
"97","123152","083321541483","rawlings-launch-pip-kn-pnt-yth"
"97","123153","083321541490","rawlings-launch-pip-kn-pnt-yth"
"97","123154","083321541506","rawlings-launch-pip-kn-pnt-yth"
"97","144723","083321600944","hoh-pro716sb-18nw-12-lh"
"97","144784","083321670732","rdtdb"
"97","141928","090133311","bauer-nexus-cust-perf-hp-jr"
"97","141927","090133321","bauer-nexus-cust-perf-hp-jr"
"97","141929","090133331","bauer-nexus-cust-perf-hp-jr"
"97","141930","090133351","bauer-nexus-cust-perf-hp-jr"
"97","132704","09013RDM","bauer-nexus-cust-perf-hp-wmn-r"
"97","132933","09013RDS","bauer-nexus-cust-perf-hp-wmn-r"
"97","132561","09013RDXL","bauer-nexus-cust-perf-hp-wmn-r"
"97","67948","105050030301","bauer-sup-1sle-gr-stk-sr-p92-1"
"97","88144","105050080301","bauer-sup-1sle-gr-stk-sr"
"97","88145","105050080302","bauer-sup-1sle-gr-stk-sr"
"97","157361","10570682","s20-custom-team-pro-carry_10570682"
"97","46306","12619","bauer-vap-ltx-pro-sz-2d-used"
"97","25370","12701B","figure-skate-riedell-roya-used"
"97","141267","12724","jackson-mystique-sz-1-used"
"97","141551","164931","bauer-prodigy-combo"
"97","141549","164932","bauer-prodigy-combo"
"97","134588","16753022","huskies-bauer-core-hoody-yth-g"
"97","132629","16753023","huskies-bauer-core-hoody-yth-g"
"97","132582","16753024","huskies-bauer-core-hoody-yth-g"
"97","132646","16753025","huskies-bauer-core-hoody-yth-g"
"97","29401","17535A","figure-skate-riedell-375-used"
"97","61532","18460038501","warrior-qr-pro-sr-gr-w03-85-l"
"97","61522","18460888502","warrior-qr-pro-sr-gr-w88-85-r"
"97","62004","18687285201","bauer-supreme-1s-jr-gr-p28-52"
"97","62009","18687924702","bauer-supreme-1s-jr-gr-p92-47"
"97","62010","18687925201","bauer-supreme-1s-jr-gr-p92-52"
"97","62011","18687925202","bauer-supreme-1s-jr-gr-p92-52"
"97","62012","1868794701","bauer-supreme-1s-jr-gr-pm9-47"
"97","62013","1868794702","bauer-supreme-1s-jr-gr-pm9-47"
"97","62014","1868795201","bauer-supreme-1s-jr-gr-pm9-52"
"97","62015","1868795202","bauer-supreme-1s-jr-gr-pm9-52"
"97","62649","1871888472","bauer-s-ltx-pro-jr-gr-p88-47-r"
"97","68557","18718PM9471","bauer-s-ltx-pro-jr-gr-pm9-47-l"
"97","68558","18718PM9472","bauer-s-ltx-pro-jr-gr-pm9-47-r"
"97","141488","19137010201","ccm-eflex-e1-9-gp"
"97","141489","19137010301","ccm-eflex-e1-9-gp"
"97","130744","191520007737","ccm-rib7-stick-jr"
"97","130743","191520007744","ccm-rib7-stick-jr"
"97","130745","191520007775","ccm-rib7-stick-jr"
"97","130741","191520007782","ccm-rib7-stick-jr"
"97","146142","191520028046","ccm-as3-tac-skates-sr"
"97","146147","191520028053","ccm-as3-tac-skates-sr"
"97","146140","191520028060","ccm-as3-tac-skates-sr"
"97","146144","191520028077","ccm-as3-tac-skates-sr"
"97","146153","191520028084","ccm-as3-tac-skates-sr"
"97","146154","191520028084","ccm-as3-tac-skates-sr"
"97","146155","191520028091","ccm-as3-tac-skates-sr"
"97","146141","191520028107","ccm-as3-tac-skates-sr"
"97","146158","191520028114","ccm-as3-tac-skates-sr"
"97","146152","191520028121","ccm-as3-tac-skates-sr"
"97","146151","191520028138","ccm-as3-tac-skates-sr"
"97","146146","191520028145","ccm-as3-tac-skates-sr"
"97","146157","191520032234","ccm-as3-tac-skates-sr"
"97","146143","191520032241","ccm-as3-tac-skates-sr"
"97","146139","191520032258","ccm-as3-tac-skates-sr"
"97","146156","191520032265","ccm-as3-tac-skates-sr"
"97","146148","191520032272","ccm-as3-tac-skates-sr"
"97","146149","191520032289","ccm-as3-tac-skates-sr"
"97","146150","191520032289","ccm-as3-tac-skates-sr"
"97","146145","191520032296","ccm-as3-tac-skates-sr"
"97","147417","191520083762","ccmft3pro-js-sticks-int"
"97","147409","191520084387","ccmft3pro-js-sticks-int"
"97","147410","191520084394","ccmft3pro-js-sticks-int"
"97","147411","191520084400","ccmft3pro-js-sticks-int"
"97","147412","191520084417","ccmft3pro-js-sticks-int"
"97","147401","191520084462","ccmft3pro-js-sticks-int"
"97","147402","191520084479","ccmft3pro-js-sticks-int"
"97","147403","191520084486","ccmft3pro-js-sticks-int"
"97","147404","191520084493","ccmft3pro-js-sticks-int"
"97","147415","191520152413","ccmft3pro-js-sticks-int"
"97","147416","191520152420","ccmft3pro-js-sticks-int"
"97","147407","191520152437","ccmft3pro-js-sticks-int"
"97","147408","191520152444","ccmft3pro-js-sticks-int"
"97","147186","191520156664","ccm-clse-tac-skates-sr"
"97","147189","191520156688","ccm-clse-tac-skates-sr"
"97","147190","191520156695","ccm-clse-tac-skates-sr"
"97","147183","191520156701","ccm-clse-tac-skates-sr"
"97","147185","191520156718","ccm-clse-tac-skates-sr"
"97","147180","191520156725","ccm-clse-tac-skates-sr"
"97","147181","191520156732","ccm-clse-tac-skates-sr"
"97","147187","191520156749","ccm-clse-tac-skates-sr"
"97","147182","191520156756","ccm-clse-tac-skates-sr"
"97","147184","191520156763","ccm-clse-tac-skates-sr"
"97","147179","191520156770","ccm-clse-tac-skates-sr"
"97","147188","191520156787","ccm-clse-tac-skates-sr"
"97","156035","191520207380","ccm-e5-pro-gs-sr"
"97","156036","191520207397","ccm-e5-pro-gs-sr"
"97","156037","191520207403","ccm-e5-pro-gs-sr"
"97","156038","191520207410","ccm-e5-pro-gs-sr"
"97","156039","191520207427","ccm-e5-pro-gs-sr"
"97","156040","191520207434","ccm-e5-pro-gs-sr"
"97","132128","191520257453","ccm-eflex-4-9-gp-int"
"97","132112","191520257460","ccm-eflex-4-9-gp-int"
"97","132131","191520257507","ccm-eflex-4-9-gp-int"
"97","132224","191520257606","ccm-eflex-4-9-gp-int"
"97","132130","191520257613","ccm-eflex-4-9-gp-int"
"97","132127","191520257620","ccm-eflex-4-9-gp-int"
"97","132125","191520257675","ccm-eflex-4-9-gp-int"
"97","132109","191520257682","ccm-eflex-4-9-gp-int"
"97","132123","191520257699","ccm-eflex-4-9-gp-int"
"97","132141","191520257705","ccm-eflex-4-9-gp-int"
"97","132143","191520257736","ccm-eflex-4-9-gp-int"
"97","129476","191520262815","ccm-tac-9040-sr-hg"
"97","129660","191520262822","ccm-tac-9040-sr-hg"
"97","129482","191520262839","ccm-tac-9040-sr-hg"
"97","131844","191520263874","ap7010-sr-ccm-ap7010-sr-acc"
"97","128248","191520264369","ccm-eflex-4-9-gp-int"
"97","128245","191520264376","ccm-eflex-4-9-gp-int"
"97","128246","191520264383","ccm-eflex-4-9-gp-int"
"97","128247","191520264390","ccm-eflex-4-9-gp-int"
"97","128237","191520268817","ccm-eflex-4-9-blocker-int"
"97","128234","191520268824","ccm-eflex-4-9-blocker-int"
"97","131859","191520269173","ccm-eflex-4-9-blocker-int"
"97","131849","191520269210","ccm-eflex-4-9-blocker-int"
"97","131855","191520269333","ccm-eflex-4-9-blocker-int"
"97","131851","191520269418","ccm-eflex-4-9-blocker-int"
"97","131850","191520269456","ccm-eflex-4-9-blocker-int"
"97","128236","191520270193","ccm-eflex-4-5-blocker-jr"
"97","128240","191520270681","ccm-eflex-4-9-catch-int"
"97","128241","191520270698","ccm-eflex-4-9-catch-int"
"97","131892","191520271046","ccm-eflex-4-9-catch-int"
"97","131890","191520271084","ccm-eflex-4-9-catch-int"
"97","131898","191520271206","ccm-eflex-4-9-catch-int"
"97","131891","191520271282","ccm-eflex-4-9-catch-int"
"97","131904","191520271329","ccm-eflex-4-9-catch-int"
"97","128220","191520272067","ccm-eflex-4-5-catch-jr"
"97","156041","191520285982","ccm-e5-pro-gs-sr"
"97","156042","191520286002","ccm-e5-pro-gs-sr"
"97","145614","191520294274","ccm-4-5-efx-pri-gs-jr"
"97","145617","191520294281","ccm-4-5-efx-pri-gs-jr"
"97","145615","191520294298","ccm-4-5-efx-pri-gs-jr"
"97","145616","191520294304","ccm-4-5-efx-pri-gs-jr"
"97","156044","191520351199","ccm-e-5-9-gs-int"
"97","148422","20982024819","tigers-w-adt-ls"
"97","148412","20982034802","tigers-w-adt-ls"
"97","148413","20982034822","tigers-w-adt-ls"
"97","148414","20982034829","tigers-w-adt-ls"
"97","148415","20982034837","tigers-w-adt-ls"
"97","148416","20982034855","tigers-w-adt-ls"
"97","148417","20982034864","tigers-w-adt-ls"
"97","148418","20982034874","tigers-w-adt-ls"
"97","148419","20982044811","tigers-w-adt-ls"
"97","148420","20982044838","tigers-w-adt-ls"
"97","148421","20982064839","tigers-w-adt-ls"
"97","150717","222643301","warrior-diablo-sr-stick"
"97","17767","23757A","figure-skate-risport-diam-used"
"97","28890","24204A","figure-skate-risport-nova-used"
"97","26157","24662A","figure-skate-riedell-375-used"
"97","148471","28381020301","bauer-nexus-1000"
"97","148473","28385020802","bauer-nexus-1000-gr"
"97","148350","28451010501","bauer-totalone-nxg-jr"
"97","148352","28451010502","bauer-totalone-nxg-jr"
"97","148354","28457020501","bauer-sup-one-8-gr"
"97","148475","28687010501","bauer-nexus-1000-gr-jr"
"97","148667","308341","bauer-yth-m-hp-used"
"97","150563","3124691021","mizuno-prospect-finch-glove"
"97","16005","36924030101","softec-tri-grip-10-blk-plat"
"97","147218","40007","bauer-ignite-pro-5d-used"
"97","147219","40037","bauer-sup-ignite-pro-3d-used"
"97","147732","40188","bauer-sup-ignite-3d-used"
"97","147832","40210","bauer-vap-x900-4d-used"
"97","147876","40244","bauer-ns-yth-11-r-used"
"97","147960","40300","bauer-sup-ignite-pro-6d-used"
"97","152045","40583","bauer-supreme-ignite-pro"
"97","157041","41344","jackson-mystique-3c-used"
"97","125280","628412190883","m5-qwik-fit-catchers-set"
"97","125225","628412223284","easton-gametime-cp"
"97","125228","628412223345","easton-gametime-cp"
"97","125241","628412223925","easton-gametime-lg"
"97","125290","628412224380","speed-elite-x-catchers-set"
"97","125307","628412224441","speed-elite-x-catchers-set"
"97","127942","628412224564","speed-elite-x-catchers-set"
"97","125298","628412224601","speed-elite-x-catchers-set"
"97","125301","628412224663","speed-elite-x-catchers-set"
"97","125308","628412224724","speed-elite-x-catchers-set"
"97","127941","628412224847","speed-elite-x-catchers-set"
"97","125311","628412224885","speed-elite-x-catchers-set"
"97","125201","628412225028","easton-gametime-catcher-set"
"97","125204","628412225080","easton-gametime-catcher-set"
"97","125199","628412225103","easton-gametime-catcher-set"
"97","125198","628412225165","easton-gametime-catcher-set"
"97","144331","628412269534","easton-pro-coll-hyb-glv"
"97","15736","6293430","mondor-3301-footed-tight-l"
"97","23880","6445401","mondor-3818-legging-s"
"97","23881","6445403","mondor-3818-legging-l"
"97","23879","6445404","mondor-3818-legging-xl"
"97","80107","680680626235","bauer-re-akt-red-xs"
"97","134911","680680792206","bauer-blade-jacket"
"97","134912","680680792213","bauer-blade-jacket"
"97","124257","680680792220","bauer-blade-jacket"
"97","81053","680680792237","bauer-blade-jacket"
"97","124252","680680792244","bauer-blade-jacket"
"97","124253","680680792251","bauer-blade-jacket"
"97","79618","688698116519","bauer-re-akt-75-combo-bk-l"
"97","79619","688698116526","bauer-re-akt-75-combo-bk-m"
"97","79620","688698116540","bauer-re-akt-75-combo-bk-s"
"97","79644","688698140590","bauer-re-akt-75-combo-l-wht"
"97","79645","688698140606","bauer-re-akt-75-combo-m-wht"
"97","147144","688698140927","bauer-re-akt-75-combo"
"97","147146","688698140934","bauer-re-akt-75-combo"
"97","147145","688698140941","bauer-re-akt-75-combo"
"97","131302","688698168440","bauer-re-akt-75-combo"
"97","123441","688698168457","bauer-re-akt-75-combo"
"97","123442","688698168464","bauer-re-akt-75-combo"
"97","131301","688698169355","bauer-re-akt-75-combo"
"97","131300","688698169362","bauer-re-akt-75-combo"
"97","92584","688698206906","bauer-650-wh-bag-l"
"97","92585","688698206913","bauer-650-wh-bag-l"
"97","134907","688698206920","bauer-650-wh-bag-l"
"97","134094","688698248838","s17-vap-xltx-pro-sr"
"97","137697","688698248845","s17-vap-xltx-pro-sr"
"97","134090","688698248852","s17-vap-xltx-pro-sr"
"97","134099","688698248869","s17-vap-xltx-pro-sr"
"97","134095","688698248876","s17-vap-xltx-pro-sr"
"97","91416","688698248883","s17-vap-xltx-pro-sr"
"97","133470","688698248937","s17-vap-xltx-pro-sr"
"97","133474","688698248944","s17-vap-xltx-pro-sr"
"97","133471","688698248951","s17-vap-xltx-pro-sr"
"97","91424","688698248968","s17-vap-xltx-pro-sr"
"97","133472","688698248975","s17-vap-xltx-pro-sr"
"97","133476","688698248982","s17-vap-xltx-pro-sr"
"97","91419","688698249019","s17-vap-xltx-pro-sr"
"97","91392","688698249033","s17-vap-xltx-pro-jr"
"97","91393","688698249040","s17-vap-xltx-pro-jr"
"97","91394","688698249057","s17-vap-xltx-pro-jr"
"97","91395","688698249064","s17-vap-xltx-pro-jr"
"97","91396","688698249071","s17-vap-xltx-pro-jr"
"97","137019","688698249088","s17-vap-xltx-pro-jr"
"97","133611","688698249118","s17-vap-xltx-pro-jr"
"97","133612","688698249125","s17-vap-xltx-pro-jr"
"97","133610","688698249132","s17-vap-xltx-pro-jr"
"97","91403","688698249149","s17-vap-xltx-pro-jr"
"97","91404","688698249156","s17-vap-xltx-pro-jr"
"97","91405","688698249163","s17-vap-xltx-pro-jr"
"97","133607","688698249170","s17-vap-xltx-pro-jr"
"97","91407","688698249187","s17-vap-xltx-pro-jr"
"97","79740","688698277395","s17-sup-ign-pro-hg-sr-black-re"
"97","139047","688698280807","s17-sup-ign-pro-sg-jr"
"97","79761","688698280814","s17-sup-ign-pro-sg-jr-12"
"97","139048","688698280821","s17-sup-ign-pro-sg-jr"
"97","79766","688698280876","s17-sup-ign-pro-sp-jr-l"
"97","123897","688698280883","s17-sup-ign-pro-sp-jr"
"97","80680","688698280890","s17-sup-ign-pro-sp-jr"
"97","131303","688698297546","bauer-re-akt-75-combo"
"97","131298","688698297553","bauer-re-akt-75-combo"
"97","131299","688698297560","bauer-re-akt-75-combo"
"97","90385","688698305661","vapor-x800-lite-hg-sr"
"97","90399","688698305678","vapor-x800-lite-hg-sr"
"97","90400","688698305685","vapor-x800-lite-hg-sr"
"97","90401","688698305692","vapor-x800-lite-hg-sr"
"97","90392","688698305739","vapor-x800-lite-hg-sr"
"97","90395","688698305746","vapor-x800-lite-hg-sr"
"97","123378","688698305760","vapor-x800-lite-hg-sr"
"97","80605","688698305777","vapor-x800-lite-hg-sr-14-nrw"
"97","80606","688698305784","vapor-x800-lite-hg-sr-15-nrw"
"97","90393","688698305791","vapor-x800-lite-hg-sr"
"97","80544","688698306958","nexus-n2900-hg-sr-13-bg"
"97","80545","688698306965","nexus-n2900-hg-sr-14-bg"
"97","80096","688698307139","nexus-n2900-hg-sr-13-nrw"
"97","80097","688698307146","nexus-n2900-hg-sr-14-nrw"
"97","90361","688698307153","nexus-n2900-hg-sr"
"97","90352","688698307160","nexus-n2900-hg-sr"
"97","90353","688698307177","nexus-n2900-hg-sr"
"97","147590","688698307986","official-pro-steel-goal-6-x4"
"97","128358","688698319927","bauer-s18-s27-gp-jr"
"97","128355","688698319934","bauer-s18-s27-gp-jr"
"97","128640","688698319941","bauer-s18-s27-gp-jr"
"97","124466","688698328394","s18-n-freeze-pro-gr-int-65"
"97","90747","688698328400","s18-n-freeze-pro-gr-int-65"
"97","90749","688698328417","s18-n-freeze-pro-gr-int-65"
"97","90745","688698328424","s18-n-freeze-pro-gr-int-65"
"97","90748","688698328431","s18-n-freeze-pro-gr-int-65"
"97","90750","688698328448","s18-n-freeze-pro-gr-int-65"
"97","80564","688698331752","vapor-1x-lite-hg-sr-13-br"
"97","80565","688698331769","vapor-1x-lite-hg-sr-14-br"
"97","80566","688698331813","vapor-1x-lite-hg-sr-13-bk"
"97","133604","688698331820","vapor-1x-lite-hg-sr"
"97","80568","688698331837","vapor-1x-lite-hg-sr-15-bk"
"97","133602","688698331905","vapor-1x-lite-hg-sr"
"97","80570","688698331912","vapor-1x-lite-hg-sr-14-nrw"
"97","80571","688698331929","vapor-1x-lite-hg-sr-15-nrw"
"97","134266","688698334234","s18-nexus-freeze-pro-sr"
"97","134277","688698334241","s18-nexus-freeze-pro-sr"
"97","134272","688698334258","s18-nexus-freeze-pro-sr"
"97","134657","688698334326","s18-nexus-freeze-pro-sr"
"97","134274","688698334333","s18-nexus-freeze-pro-sr"
"97","90371","688698337365","vapor-1x-lite-hg-jr"
"97","90375","688698337372","vapor-1x-lite-hg-jr"
"97","90373","688698337426","vapor-1x-lite-hg-jr"
"97","90368","688698337433","vapor-1x-lite-hg-jr"
"97","90535","688698337808","vapor-x800-lite-hg-jr"
"97","80573","688698337815","vapor-x800-lite-hg-jr-11-nrw"
"97","80574","688698337822","vapor-x800-lite-hg-jr-12-nrw"
"97","79996","688698347241","s18-vap-xltx-pro-ep-jr-l"
"97","79820","688698347258","s18-vap-xltx-pro-ep-jr-m"
"97","79997","688698347265","s18-vap-xltx-pro-ep-jr-s"
"97","134822","688698347524","s18-vap-xltx-pro-sp-jr"
"97","80743","688698347531","s18-vap-xltx-pro-sp-jr"
"97","80744","688698347548","s18-vap-xltx-pro-sp-jr"
"97","134279","688698359435","s18-nexus-freeze-pro-sr"
"97","134278","688698359442","s18-nexus-freeze-pro-sr"
"97","134280","688698359459","s18-nexus-freeze-pro-sr"
"97","128429","688698360981","s19-x2-5-goal-stk-p31"
"97","128431","688698360998","s19-x2-5-goal-stk-p31"
"97","131518","688698382167","s19-sup-s29-pant-sr"
"97","131515","688698382273","s19-sup-s29-pant-sr"
"97","131516","688698382280","s19-sup-s29-pant-sr"
"97","131519","688698382297","s19-sup-s29-pant-sr"
"97","131517","688698382303","s19-sup-s29-pant-sr"
"97","145308","688698415476","s20-bauer-gsx-pad-sr"
"97","147005","688698421040","s20-vapor-2x-pro-glove"
"97","147007","688698421064","s20-vapor-2x-pro-glove"
"97","147008","688698421149","s20-vapor-2x-pro-glove"
"97","147011","688698421231","s20-vapor-2x-glove"
"97","147012","688698421248","s20-vapor-2x-glove"
"97","147013","688698421293","s20-vapor-2x-glove"
"97","147014","688698421309","s20-vapor-2x-glove"
"97","146603","688698428469","bauer-sup20-ign-pro-ska-jr"
"97","146602","688698428476","bauer-sup20-ign-pro-ska-jr"
"97","146601","688698428483","bauer-sup20-ign-pro-ska-jr"
"97","146600","688698428490","bauer-sup20-ign-pro-ska-jr"
"97","146599","688698428506","bauer-sup20-ign-pro-ska-jr"
"97","146598","688698428513","bauer-sup20-ign-pro-ska-jr"
"97","146597","688698428520","bauer-sup20-ign-pro-ska-jr"
"97","146596","688698428537","bauer-sup20-ign-pro-ska-jr"
"97","146595","688698428544","bauer-sup20-ign-pro-ska-jr"
"97","146594","688698428551","bauer-sup20-ign-pro-ska-jr"
"97","146593","688698428568","bauer-sup20-ign-pro-ska-jr"
"97","146592","688698428575","bauer-sup20-ign-pro-ska-jr"
"97","146533","688698439717","bauer-sup20-ign-pro-ska-sr"
"97","146532","688698439724","bauer-sup20-ign-pro-ska-sr"
"97","146531","688698439731","bauer-sup20-ign-pro-ska-sr"
"97","146539","688698439748","bauer-sup20-ign-pro-ska-sr"
"97","146538","688698439755","bauer-sup20-ign-pro-ska-sr"
"97","146537","688698439762","bauer-sup20-ign-pro-ska-sr"
"97","146536","688698439779","bauer-sup20-ign-pro-ska-sr"
"97","146535","688698439786","bauer-sup20-ign-pro-ska-sr"
"97","146534","688698439793","bauer-sup20-ign-pro-ska-sr"
"97","146530","688698439809","bauer-sup20-ign-pro-ska-sr"
"97","146529","688698439816","bauer-sup20-ign-pro-ska-sr"
"97","146528","688698439823","bauer-sup20-ign-pro-ska-sr"
"97","146527","688698439830","bauer-sup20-ign-pro-ska-sr"
"97","146526","688698439847","bauer-sup20-ign-pro-ska-sr"
"97","146525","688698439854","bauer-sup20-ign-pro-ska-sr"
"97","156446","688698439908","bauer-sup20-ign-pro-ska-sr"
"97","47407","74439020301","bauer-x6-0-jr-gr-r-p92-50"
"97","47402","74439020501","bauer-x6-0-jr-gr-r-pm9-50"
"97","136418","745492992517","rawlings-blt"
"97","143004","83321541469","rawlings-ythlaunch-pip"
"97","143003","83321541476","rawlings-ythlaunch-pip"
"97","143002","83321541483","rawlings-ythlaunch-pip"
"97","144082","83321613340","rawlings-velo-2-0-set"
"97","142809","83321617812","rawlings-men-tech-t-shirt"
"97","142808","83321617829","rawlings-men-tech-t-shirt"
"97","142807","83321617836","rawlings-men-tech-t-shirt"
"97","142806","83321617843","rawlings-men-tech-t-shirt"
"97","125381","85925940426","easton-training-stick"
"97","142293","8622725402","ghost-coaches-shirt"
"97","142294","8622726402","ghost-coaches-shirt"
"97","125709","887768717957","louisville-xeno-x19"
"97","125711","887768717971","louisville-xeno-x19"
"97","142696","888600268576","ccm-premium-skate-jacket-jr"
"97","142695","888600268583","ccm-premium-skate-jacket-jr"
"97","124480","888600281926","ccm-premium-skate-jacket-jr"
"97","142697","888600281933","ccm-premium-skate-jacket-jr"
"97","142698","888600281940","ccm-premium-skate-jacket-jr"
"97","124478","888600281964","ccm-premium-skate-jacket-jr"
"97","124479","888600281971","ccm-premium-skate-jacket-jr"
"97","124470","888600282589","ccm-midweight-jacket-sr"
"97","142684","888600283517","ccm-f6568-wolves-yth-hoodie"
"97","142683","888600283524","ccm-f6568-wolves-yth-hoodie"
"97","142685","888600283531","ccm-f6568-wolves-yth-hoodie"
"97","142686","888600283548","ccm-f6568-wolves-yth-hoodie"
"97","80119","888600309408","ccm-tacks-7092-ep-jr-l"
"97","80120","888600309415","ccm-tacks-7092-ep-jr-m"
"97","102844","888600309422","ccm-tacks-7092-ep-jr"
"97","80407","888600693750","tacks-classic-pro-jr-1-d"
"97","80408","888600693767","tacks-classic-pro-jr-1-5-d"
"97","80409","888600693774","tacks-classic-pro-jr-2-d"
"97","80597","888600693781","tacks-classic-pro-jr-2-5-d"
"97","80598","888600693798","tacks-classic-pro-jr-3-d"
"97","80599","888600693804","tacks-classic-pro-jr-3-5-d"
"97","80600","888600693811","tacks-classic-pro-jr-4-d"
"97","80601","888600693828","tacks-classic-pro-jr-4-5-d"
"97","80609","888600693835","tacks-classic-pro-jr-5-d"
"97","80610","888600693842","tacks-classic-pro-jr-5-5-d"
"97","80410","888600694214","tacks-classic-pro-jr-4-ee"
"97","80411","888600694221","tacks-classic-pro-jr-4-5-ee"
"97","80412","888600694238","tacks-classic-pro-jr-5-ee"
"97","80413","888600694245","tacks-classic-pro-jr-5-5-ee"
"97","80420","888600694870","tacks-classic-pro-sr-6-d"
"97","102531","888600694887","tacks-classic-pro-sr"
"97","80421","888600694894","tacks-classic-pro-sr-7-d"
"97","80422","888600694900","tacks-classic-pro-sr-7-5-d"
"97","80423","888600694917","tacks-classic-pro-sr-8-d"
"97","80424","888600694924","tacks-classic-pro-sr-8-5-d"
"97","80425","888600694931","tacks-classic-pro-sr-9-d"
"97","80426","888600694948","tacks-classic-pro-sr-9-5-d"
"97","80427","888600694955","tacks-classic-pro-sr-10-d"
"97","80428","888600694962","tacks-classic-pro-sr-10-5-d"
"97","80429","888600694979","tacks-classic-pro-sr-11-d"
"97","102530","888600695518","tacks-classic-pro-sr"
"97","133832","888600695525","tacks-classic-pro-sr"
"97","102533","888600695532","tacks-classic-pro-sr"
"97","80440","888600695549","tacks-classic-pro-sr-7-5-ee"
"97","80441","888600695556","tacks-classic-pro-sr-8-ee"
"97","80442","888600695563","tacks-classic-pro-sr-8-5-ee"
"97","102534","888600695570","tacks-classic-pro-sr"
"97","133833","888600695587","tacks-classic-pro-sr"
"97","80443","888600695594","tacks-classic-pro-sr-10-ee"
"97","103594","888600704241","jetspeed-ft350-sp-jr"
"97","103922","888600711775","jetspeed-xtra-pro-hg"
"97","103933","888600711805","jetspeed-xtra-pro-hg"
"97","103947","888600711836","jetspeed-xtra-pro-hg"
"97","103945","888600711850","jetspeed-xtra-pro-hg"
"97","103509","888600712475","jetspeed-xtra-pro-hp"
"97","103508","888600712482","jetspeed-xtra-pro-hp"
"97","103507","888600712499","jetspeed-xtra-pro-hp"
"97","103510","888600712505","jetspeed-xtra-pro-hp"
"97","102627","888600714653","ribcor-yth-comp"
"97","102628","888600714660","ribcor-yth-comp"
"97","102630","888600714677","ribcor-yth-comp"
"97","102631","888600714684","ribcor-yth-comp"
"97","103595","888600718620","jetspeed-ft350-sp-jr"
"97","79904","888600718644","jetspeed-ft350-sp-sr-s"
"97","102632","888600740300","ribcor-yth-comp"
"97","102633","888600740317","ribcor-yth-comp"
"97","80509","888600750989","jetspeed-xtra-pro-hg-bk-10"
"97","103928","888600750996","jetspeed-xtra-pro-hg"
"97","80510","888600751016","jetspeed-xtra-pro-hg-nvsf-10"
"97","80511","888600751030","jetspeed-xtra-pro-hg-bk-11"
"97","115289","888600751047","jetspeed-xtra-pro-hg"
"97","104547","888600751061","jetspeed-xtra-pro-hg"
"97","80602","888600751085","jetspeed-xtra-pro-hg-bk-12"
"97","103954","888600751092","jetspeed-xtra-pro-hg"
"97","103950","888600751115","jetspeed-xtra-pro-hg"
"97","115291","888600751122","jetspeed-xtra-pro-hg"
"97","102241","888600807089","ribcor-65k-int"
"97","102242","888600807096","ribcor-65k-int"
"97","102239","888600807119","ribcor-65k-int"
"97","102240","888600807157","ribcor-65k-int"
"97","102235","888600807188","ribcor-65k-int"
"97","102236","888600807195","ribcor-65k-int"
"97","102138","888600810560","tacks-yth"
"97","102139","888600810577","tacks-yth"
"97","84993","9K PANT BLACK LG","new-item"
"97","116336","BAUER SUPREME 160 8EE","new-item"
"97","118803","DJ2802","mens-premiere-boot"
"97","118811","DJ2803","boys-premiere-boot"
"97","118691","DJ5200","elite-5200-ladies"
"97","118689","DJ5200P","elite-5200-ladies-premium"
"97","118681","DJ5252","elite-mens-boot"
"97","118693","DJ5400","supreme-low-cut-ladies"
"97","118687","DJ5410","supreme-low-cut-lcf-bk"
"97","118817","DJ5452","supreme-low-cut-mens"
"97","118685","DJ5500","supreme-5500-ladies"
"97","118683","DJ5500U","supreme-5500-ladies-ultimate"
"97","118813","DJ5852","supreme-mens-boot"
"97","118807","FS2430","debut-low-cut-ladies"
"97","118815","FS2440","debut-standard-ladies"
"97","118819","FS2441","debut-standard-misses"
"97","118805","FS2450","debut-firm-ladies"
"97","118809","FS2451","debut-firm-misses"
"97","118823","FS2452","debut-boot-mens"
"97","118825","FS2453","debut-boot-boys"
"97","118821","FS2800","premiere-ladies-boot"
"97","84984","RFPBP12SY-1","rawlings-fp-practice-ball-12"
