"attribute_id","option_id","store_id","value"
"171","525","0","ii"
"171","528","0","iii"
"171","533","0","iv"
"171","538","0","m"
"171","541","0","l"
"171","572","0","xl"
"171","576","0","20"
"171","586","0","20.6"
"171","589","0","20.2"
"171","590","0","pro 20"
"171","591","0","expert20"
"171","592","0","junior20"
"171","594","0","172"
"171","596","0","48"
"171","597","0","39"
"171","598","0","hub"
"171","615","0","277mm"
"171","624","0","36h"
"171","625","0","43"
"171","626","0","2.50"
"171","636","0","medium"
"171","637","0","1.75"
"171","642","0","wide45.5"
"171","650","0","130mm"
"171","652","0","700*38c"
"171","656","0","2X"
"171","657","0","large"
"171","658","0","26cu"
"171","659","0","small"
"171","660","0","15.5 650"
"171","663","0","pk"
"171","701","0","41"
"171","704","0","26*2.10"
"171","705","0","41.5"
"171","706","0","40"
"171","708","0","330mm"
"171","709","0","5mm"
"171","710","0","5mmx25ft"
"171","712","0","xl 120"
"171","713","0","285mm"
"171","714","0","68x121mm"
"171","715","0","wired"
"171","716","0","x-small"
"171","717","0","29*2-2.4"
"171","721","0","700c"
"171","722","0","31.9-32."
"171","723","0","2X-Large"
"171","724","0","x-large"
"171","727","0","xx-large"
"171","732","0","29er"
"171","733","0","36"
"171","734","0","37"
"171","735","0","45"
"171","736","0","46"
"171","737","0","44"
"171","738","0","43.5"
"171","739","0","39.5"
"171","740","0","37.5"
"171","741","0","44.5"
"171","742","0","38.5"
"171","743","0","38"
"171","752","0","42.5"
"171","753","0","42"
"171","786","0","31"
"171","787","0","31.6"
"171","788","0","31.8"
"171","789","0","31.9"
"171","790","0","1.1mm"
"171","791","0","1.8mm"
"171","792","0","10"
"171","793","0","100/112"
"171","794","0","100/116"
"171","795","0","100mm"
"171","796","0","105mm"
"171","797","0","11-21t"
"171","798","0","11-26t"
"171","799","0","11-28t"
"171","800","0","12-27T"
"171","801","0","12oz"
"171","802","0","12-32t"
"171","803","0","130/140"
"171","804","0","113mm"
"171","805","0","2.125"
"171","806","0","2.25"
"171","807","0","2.5"
"171","808","0","5"
"171","809","0","6"
"171","810","0","12"
"171","811","0","16"
"171","813","0","21"
"171","814","0","23"
"171","815","0","25"
"171","816","0","26"
"171","817","0","27"
"171","818","0","28"
"171","819","0","28.6"
"171","820","0","29"
"171","821","0","700x18"
"171","822","0","700x23"
"171","823","0","26x3.5"
"171","824","0","26x1.25"
"171","825","0","700x44"
"171","827","0","26x2.4"
"171","828","0","18-25c"
"171","829","0","700x18-2"
"171","830","0","26x1.75"
"171","831","0","700x35"
"171","832","0","27.5x2.4"
"171","833","0","18x1.5"
"171","834","0","20x1.5"
"171","835","0","14x1.5"
"171","836","0","700x23-2"
"171","837","0","21.5"
"171","839","0","10, 43"
"171","841","0","13, 46"
"171","843","0","170mm"
"171","845","0","29x1.75"
"171","847","0","56"
"171","849","0","46-62cm"
"171","851","0","6808ss"
"171","853","0","fr-6c"
"171","855","0","20oz"
"171","857","0","26x2.1"
"171","859","0","bk"
"171","861","0","32h"
"171","863","0","aols v2"
"171","865","0","12- 27 t"
"171","867","0","3/ 9spee"
"171","869","0","285 mm"
"171","873","0","285"
"171","875","0","1size v2"
"171","877","0","29x2.00"
"171","879","0","60mm"
"171","884","0","26x1.75-"
"171","888","0","700*22c"
"171","890","0","wide42.5"
"171","892","0","700*23-2"
"171","894","0","7/32in"
"171","904","0","xs"
"171","906","0","s"
"171","908","0","6012"
"171","910","0","700x32"
"171","912","0","26 32h"
"171","914","0","290mm"
"171","916","0","53x40x7"
"171","918","0","m3x.5"
"171","920","0","26/36h"
"171","922","0","17.5"
"171","926","0","23a"
"171","928","0","road"
"171","930","0","19.5"
"171","932","0","18.5"
"171","934","0","19.5 29"
"171","936","0","20x2.125"
"171","938","0","w/ rtr"
"171","940","0","160mm"
"171","942","0","one size"
"171","944","0","75/125mm"
"171","946","0","135mm"
"171","950","0","700*28"
"171","952","0","wide 40"
"171","959","0","41"
"171","964","0","m/l"
"171","974","0","m/l55-6"
"171","976","0","m (54-60"
"171","980","0","18.5 29"
"171","982","0","17.5 29"
"171","986","0","621ml"
"171","988","0","8.0 lit"
"171","996","0","1/2"
"171","998","0","28t"
"171","1002","0","19mm"
"171","1004","0","22mm"
"171","1006","0","14mm"
"171","1008","0","3/8"
"171","1010","0","36rhd 9t"
"171","1012","0","50mm"
"171","1014","0","026"
"171","1022","0","24x1.5"
"171","1032","0","8.0"
"171","1037","0","150mm"
"171","1039","0","54"
"171","1041","0","700 x 2"
"171","1049","0","550 ml"
"171","1053","0","550ml"
"171","1055","0","8h"
"171","1057","0","8"
"171","1061","0","9"
"171","1065","0","8 speed"
"171","1067","0","7"
"171","1069","0","11.5"
"171","1071","0","9.5"
"171","1073","0","68mm-118"
"171","1075","0","122.5-68"
"171","1077","0","1700 mm"
"171","1079","0","3xl"
"171","1089","0","28 / 29"
"171","1096","0","184"
"171","1100","0","25t"
"171","1102","0","175"
"171","1104","0","wide 41"
"171","1118","0","m-l"
"171","1122","0","15.5"
"171","1124","0","37-39"
"171","1126","0","50"
"171","1128","0","10.5"
"171","1132","0","11h"
"171","1134","0","3"
"171","1138","0","a40"
"171","1143","0","130/144"
"171","1153","0","14mm,36h"
"171","1157","0","p121"
"171","1159","0","146 x 28"
"171","1163","0","8.5"
"171","1165","0","26 x 1.9"
"171","1187","0","3 bikes"
"171","1191","0","10 speed"
"171","1195","0","11 speed"
"171","1203","0","9 speed"
"171","1207","0","35*20mm"
"171","1223","0","mini"
"171","1229","0","1"
"171","1231","0","pair"
"171","1233","0","mid/far"
"171","1235","0","36h rhd"
"171","1239","0","52mm"
"171","1241","0","h2-2010"
"171","1243","0","36-37"
"171","1261","0","br-m615"
"171","1263","0","186"
"171","1265","0","32"
"171","1267","0","city"
"171","1271","0","xxl"
"171","1275","0","70 * 113"
"171","1279","0","bb5700b"
"171","1281","0","bb5700i"
"171","1283","0","bb70b xt"
"171","1285","0","13mm"
"171","1289","0","75mm"
"171","1291","0","tl-ha20"
"171","1293","0","tl-lr20"
"171","1295","0","180mm"
"171","1299","0","9sp"
"171","1301","0","4 bike"
"171","1305","0","9speed"
"171","1309","0","unisex"
"171","1311","0","29 32h"
"171","1313","0","m5x.8"
"171","1317","0","36x45"
"171","1321","0","48mm"
"171","1323","0","lr44"
"171","1325","0","35-36"
"171","1329","0","trip200"
"171","1345","0","58"
"171","1353","0","52-57"
"171","1359","0","65 cu"
"171","1371","0","1 1/8"
"171","1379","0","115 link"
"171","1381","0","500ml"
"171","1383","0","9.50"
"171","1385","0","20.7"
"171","1389","0","47"
"171","1391","0","9h"
"171","1393","0","20x 2.3"
"171","1397","0","20.5"
"171","1403","0","7.75"
"171","1405","0","9/16(15"
"171","1415","0","8.50"
"171","1430","0","26*6.5'"
"171","1433","0","11"
"171","1453","0","hig/near"
"171","1455","0","low/near"
"171","1459","0","os"
"171","1461","0","16*2.125"
"171","1467","0","series 2"
"171","1475","0","700*25c"
"171","1497","0","sm-md"
"171","1499","0","100/32"
"171","1501","0","5.0 lit"
"171","1503","0","3.0 lit"
"171","1505","0","84.5"
"171","1507","0","127.5/68"
"171","1509","0","113/73mm"
"171","1511","0","68/113mm"
"171","1513","0","m5x170"
"171","1515","0","20.75"
"171","1519","0","52"
"171","1521","0","40-42"
"171","1525","0","200mm"
"171","1527","0","20 x 2.4"
"171","1535","0","2.3"
"171","1539","0","20x2.30"
"171","1543","0","12.5"
"171","1549","0","7h"
"171","1557","0","6h"
"171","1561","0","7.5"
"171","1563","0","26mm"
"171","1567","0","m  (54-6"
"171","1571","0","l (58-63"
"171","1577","0","24"
"171","1581","0","10h"
"171","1585","0","9mm"
"171","1587","0","260g"
"171","1589","0","26 x 2.0"
"171","1603","0","3bike"
"171","1610","0","2 bike"
"171","1614","0","13"
"171","1618","0","280x210"
"171","1620","0","46.5"
"171","1626","0","uni"
"171","1630","0","2.35"
"171","1632","0","3 bike"
"171","1634","0","13y"
"171","1636","0","11y"
"171","1638","0","27.5 x 2"
"171","1640","0","700 x 35"
"171","1642","0","graphit"
"171","1646","0","3x6 spd"
"171","1658","0","800 ml"
"171","1660","0","9/16"
"171","1662","0","25t 5.1m"
"171","1668","0","25t 5mm"
"171","1670","0","25x1.5"
"171","1672","0","20 x 2.3"
"171","1674","0","10x1.25"
"171","1678","0","112links"
"171","1680","0","110links"
"171","1682","0","s/m"
"171","1684","0","12 oz"
"171","1694","0","26x1.8"
"171","1706","0","700 x35c"
"171","1746","0","700*18"
"171","1756","0","39t"
"171","1766","0","700x 38c"
"171","1776","0","26x1.5"
"171","1781","0","29x2.20"
"171","1786","0","9/1615"
"171","1791","0","26*2.00"
"171","1796","0","black"
"171","1801","0","d26"
"171","1806","0","700x23c"
"171","1811","0","11, 44"
"171","1821","0","r110b"
"171","1829","0","2 biker"
"171","1837","0","10speed"
"171","1843","0","900mm"
"171","1845","0","universa"
"171","1847","0","172.5"
"171","1849","0","5bg"
"171","1853","0","short"
"171","1859","0","wide43"
"171","1861","0","m 50"
"171","1863","0","wide46"
"171","1873","0","trip 3"
"171","1875","0","wide44"
"171","1877","0","wide 42"
"171","1879","0","700x32c"
"171","1881","0","278mm"
"171","1891","0","51-55"
"171","1895","0","710ml"
"171","1899","0","56-60"
"171","1903","0","200 rt"
"171","1905","0","26x2.20"
"171","1907","0","31.8/105"
"171","1909","0","26x2.00-"
"171","1911","0","27.5x3."
"171","1913","0","31.8/100"
"171","1915","0","31.8/60m"
"171","1917","0","26x2.20-"
"171","1922","0","80mm"
"171","1927","0","12, 45"
"171","1936","0","red"
"171","1944","0","18"
"171","1948","0","40."
"171","1960","0","245"
"171","1974","0","300ml"
"171","1976","0","3x9speed"
"171","1983","0","36 9t"
"171","1987","0","series 5"
"171","1989","0","mix"
"171","1995","0","2"
"171","2004","0","t2"
"171","2034","0","1-2 year"
"171","2036","0","2 bikes"
"171","2044","0","pd-m540"
"171","2046","0","650 ml"
"171","2052","0","1.2mm"
"171","2054","0","7/8sp"
"171","2066","0","112 * 72"
"171","2068","0","mid"
"171","2072","0","120mm"
"171","2074","0","4"
"171","2076","0","26 inch"
"171","2080","0","34.9 sv"
"171","2082","0","7.3"
"171","2092","0","26x2.35"
"171","2096","0","wide47"
"171","2106","0","700c"
"171","2111","0","xx-large"
"171","2116","0","6 speed"
"171","2118","0","20.8"
"171","2124","0","s80 - 28"
"171","2137","0","16"
"171","2141","0","Choose Your Size"
"171","2142","0","55-61"
"171","2148","0","8.25"
"171","2149","0","32-37"
"171","2150","0","40.5"
"171","2151","0","9/16'"
"171","2152","0","50-55"
"171","2153","0","8.0"""
"171","2154","0","7.0"""
"171","2155","0","6.5"""
"171","2156","0","5.25"
"171","2157","0","9X33"""
"171","2158","0","l/xl"
"171","2159","0","7.6"""
"171","2160","0","7.375"""
"171","2161","0","8.25"""
"171","2162","0","18x2.0"
"171","2163","0","BK-WHT"
"171","2164","0","26x1.60"
"171","2165","0","26x2.10"
"171","2166","0","w/16g"
"171","2167","0","11-30t"
"171","2168","0","31.9mm"
"171","2169","0","asso"
"171","2170","0","16g"
"171","2171","0","255x2.0"
"171","2172","0","4mm"
"171","2173","0","550"
"171","2174","0","17.8mm"
"171","2175","0","46-47"
"171","2176","0","48-49"
"171","2177","0","mini-20"
"171","2178","0","2*235ml"
"171","2179","0","WH-GR-OR"
"171","2180","0","PUR-TANG"
"171","2181","0","PUR-FUCH"
"171","2182","0","trip100"
"171","2183","0","wide41.5"
"171","2184","0","26""*1.5"
"171","2185","0","70mm"
"171","2186","0","9/16''"
"171","2187","0","35-44 mm"
"171","2188","0","27"""
"171","2189","0","700cc"
"171","2190","0","L.BLU"
"171","2191","0","60"
"171","2192","0","0.75 lit"
"171","2194","0","6m"
"171","2195","0","29"""
"171","2196","0","72mm"
"171","2197","0","BLK-SLVR"
"171","2198","0",".."
"171","2199","0","73/68mm"
"171","2200","0","110/68mm"
"171","2201","0","9.50"""
"171","2202","0","9/16"""
"171","2203","0","RED/BLK"
"171","2204","0","JONES"
"171","2205","0","BLK-BLK."
"171","2206","0","6.5"
"171","2207","0","CLR-BLU"
"171","2208","0","160 mm"
"171","2209","0","28t 5.1m"
"171","2210","0","9t"
"171","2211","0","10mm"
"171","2212","0","22x2.3"
"171","2213","0","24 x 2.3"
"171","2214","0","xs/s"
"171","2215","0","s/m."
"171","2216","0","m(54-60)"
"171","2217","0","90 mm"
"171","2218","0","130 mm"
"171","2219","0","1/2"""
"171","2220","0","9/16""(15"
"171","2221","0","GRN-WHT"
"171","2222","0","55-60"
"171","2223","0","52-56"
"171","2224","0","1 1/8"""
"171","2225","0","OLV GREE"
"171","2226","0","SLV"
"171","2227","0","8s 11-32"
"171","2228","0","600mm"
"171","2229","0","750x15mm"
"171","2230","0","820x15mm"
"171","2231","0","9/16""15"
"171","2232","0","20mm"
"171","2233","0","31.8/85m"
"171","2234","0","20x2.0"
"171","2235","0","24x2.0"
"171","2236","0","700x38c"
"171","2237","0","27.5x2.2"
"171","2238","0","RED-ORG"
"171","2239","0","18.5 (29"
"171","2240","0","26x3.8-5"
"171","2241","0","29x2.50"
"171","2242","0","27.5"
"171","2243","0","24x1.5 3"
"171","2244","0","7 speed"
"171","2245","0","3x7speed"
"171","2246","0","7-8 spd"
"171","2247","0","6/7/8spd"
"171","2248","0","CARB"
"171","2249","0","50ml"
"171","2250","0","8.375"""
"171","2251","0","8.75"""
"171","2252","0","8.125"""
"171","2253","0","7.5"""
"171","2254","0","9.75X36"
"171","2255","0","43"""
"171","2256","0","7.75"""
"171","2257","0","21mm"
"171","2258","0","1 bike"
"171","2259","0","26 x1.75"
"171","2260","0","PERMA BL"
"171","2261","0","CRI RED"
"171","2262","0","series 1"
"171","2263","0","9.25"
"171","2264","0","s60 - 28"
"171","2265","0","s42 - 28"
"171","2266","0","a40 - 28"
"171","2267","0","5mm*30m"
"171","2268","0","38.1mm"
"171","2269","0","311899"
"171","2270","0","25*115mm"
"171","2271","0","YEL- BLK"
"171","2272","0","400ml"
"171","2273","0","SENIOR"
"171","2274","0","3+"
"171","2275","0","t3"
"171","2276","0","t1"
"171","2277","0","t4"
"171","2278","0","36.5"
"171","2279","0","29-34"
"171","2280","0","HIGHBLUE"
"171","2281","0","lg"
"171","2282","0","19"""
"171","2283","0","36"""
"171","2284","0","23"""
"171","2285","0","39"""
"171","2286","0","35-40"
"171","2287","0","NK"
"171","2288","0","NT"
"171","2289","0","11speed"
"171","2290","0","8speed"
"171","2291","0","set"
"171","2292","0","40-41"
"171","2293","0","3/16in"
"171","2294","0","LIMEPINK"
"171","2295","0","320mm"
"171","2296","0","8.75"
"171","2297","0","245mm"
"171","2298","0","br-3500"
"171","2299","0","br-5700-"
"171","2300","0","br-m675"
"171","2301","0","1.6mm"
"171","2302","0","MTB 26"""
"171","2303","0","700 ml"
"171","2304","0","73 * 113"
"171","2305","0","68 * 113"
"171","2306","0","e type"
"171","2307","0","10sp"
"171","2308","0","100gram"
"171","2309","0","tc-fc35"
"171","2310","0","53t"
"171","2311","0","1 - 1/8"""
"171","2312","0","BLK-WH"
"171","2313","0","WH-BLACK"
"171","2314","0","slimmer"
"171","2315","0","2.15"
"171","2316","0","ELE LIME"
"171","2317","0","ALUMINUM"
"171","2318","0","FLAT BLK"
"171","2319","0","kit"
"171","2320","0","225"
"171","2321","0","35x20mm"
"171","2322","0","GY- BLU"
"171","2323","0","BK- GRY"
"171","2324","0","l / xl"
"171","2325","0","3/8"" DRO"
"171","2326","0","3/8""X36H"
"171","2327","0","3/8"""
"171","2328","0","mid bb"
"171","2329","0","9.5,42.5"
"171","2330","0","slim"
"171","2331","0","26 x 3.8"
"171","2332","0","68mm-113"
"171","2333","0","73mm-118"
"171","2334","0","113/68mm"
"171","2335","0","117.5/68"
"171","2336","0","122.5/68"
"171","2337","0","B"
"171","2338","0","1000 mm"
"171","2339","0","1000"
"171","2340","0","53 t"
"171","2341","0","11 spd"
"171","2342","0","3x8 spd"
"171","2343","0","5mm*1m"
"171","2344","0","4mm*1m"
"171","2345","0","75 cu"
"171","2347","0","sm/md"
"171","2348","0","53-57"
"171","2349","0","57-59"
"171","2350","0","26 x 2.4"
"171","2351","0","700ML"
"171","2352","0","BLK GRN"
"171","2353","0","x / xxx"
"171","2354","0","fr-8c"
"171","2355","0","19"
"171","2356","0","j127211"
"171","2357","0","90/130mm"
"171","2358","0","rx"
"171","2359","0","500 ml"
"171","2360","0","22mm-50m"
"171","2361","0","i"
"171","2362","0","atb/tan"
"171","2363","0","tl-1c"
"171","2364","0","36h,10mm"
"171","2365","0","275/35mm"
"171","2366","0","36.4mm"
"171","2367","0","PUR"
"171","2368","0","9""X1Y"
"171","2369","0","33""X9"""
"171","2370","0","13-34t"
"171","2371","0","D.PINK"
"171","2372","0","CELESTE"
"171","2373","0","BLU-BLU"
"171","2374","0","2*8 oz-s"
"171","2375","0","2*8 oz-m"
"171","2376","0","2*8 oz-l"
"171","2377","0","2*8oz-s"
"171","2378","0","2*8oz-m"
"171","2379","0","2*8oz-l"
"171","2380","0","2*8oz-xl"
"171","2381","0","9.0"""
"171","2382","0","slvr- bl"
"171","2383","0","1.8 mtr"
"171","2384","0","34mm"
"171","2385","0","youth"
"171","2386","0","PURPL"
"171","2387","0","4.33"
"171","2388","0","xxx"
"171","2389","0","45.5"
"171","2390","0","400mm"
"171","2391","0","300mm"
"171","2392","0","135"
"171","2393","0","8.7"
"171","2394","0","ABEC 9"
"171","2395","0","140/160m"
"171","2396","0","16.0mm"
"171","2397","0","53-39t"
"171","2398","0","172.5mm"
"171","2399","0","1700x210"
"171","2400","0","1700mm"
"171","2401","0","PEWTER"
"171","2402","0","1m"
"171","2403","0","1 1/8in"
"171","2404","0","45x45x15"
"171","2405","0","45x45"
"171","2406","0","BLU-ORN"
"171","2407","0","RED-BLK"
"171","2408","0","18-25mm"
"171","2409","0","6-11s"
"171","2410","0","42cm"
"171","2411","0","36cm"
"171","2412","0","750 ml"
"171","2413","0","20"""
"171","2414","0","16 x 1.7"
"171","2415","0","26"""
"171","2416","0","29x 2.12"
"171","2417","0","700 x 25"
"171","2418","0","700 x 44"
"171","2419","0","700x25c"
"171","2420","0","29 x 2.0"
"171","2421","0","9.75x36."
"171","2426","0","8-mar"
"171","2593","0","3/8 dro"
"171","2609","0","grn-blk"
"171","2619","0","8.70"
"171","2624","0","33x9"
"171","2629","0","9x1y"
"171","2631","0","20*1.75'"
"171","2634","0","950ml"
"171","2639","0","26x1.75"
"171","2644","0","12mm"
"171","2651","0","'26*1.5"
"171","2654","0","gry"
"171","2659","0","7.0"
"171","2664","0","blk"
"171","2669","0","blk-pnk"
"171","2674","0","51-58 cm"
"171","2681","0","60 gm"
"171","2694","0","front"
"171","2699","0","11*8*9"
"171","2706","0","60g"
"171","2708","0","mtb 26"
"171","2717","0","'700*28c"
"171","2730","0","27.5x2.0"
"171","2734","0","24oz"
"171","2736","0","ml-18.5"
"171","2742","0","ml -18.5"
"171","2746","0","m -17.5"
"171","2755","0","s -15.5"
"171","2757","0","xs -13.5"
"171","2761","0","110mm"
"171","2762","0","xl-21.5"
"171","2763","0","xl- 21.5"
"171","2764","0","28/29"
"171","2765","0","pspeed"
"171","2766","0","left"
"171","2767","0","200ml"
"171","2768","0","5600l"
"171","2769","0","PROTEC"
"171","2770","0","BLACK 1"
"171","2771","0","700x23 c"
"171","2773","0","1 1/2"
"171","2774","0","BLK/BLU"
"171","2775","0","48-52"
"171","2776","0","52-5"
"171","2777","0","205mm"
"171","2778","0","BLACK."
"171","2779","0","1 1/4"""
"171","2780","0","1"""
"171","2781","0","700 x 40"
"171","2783","0","700x28c"
"171","2784","0","sm"
"171","2785","0","ml"
"171","2786","0","7s"
"171","2787","0","6s"
"171","2788","0","M.BLK"
"171","2789","0","11sp"
"171","2790","0","1.1/8"""
"171","2791","0","xs-13.5"
"171","2792","0","m-17.5"
"171","2793","0","28oz"
"171","2804","0","182"
"171","2805","0","33-36"
"171","2806","0","430"
"171","2807","0","MID/NEAR"
"171","2808","0","MT-1C"
"171","2809","0","31.6/400"
"171","2810","0","36 H"
"171","2811","0","25 t"
"171","2812","0","d40"
"171","2813","0","26 x 2.2"
"171","2814","0","26 x 1.7"
"171","2815","0","700 x 23"
"171","2816","0","1000mm"
"171","2817","0","sm-sh51"
"171","2818","0","m590"
"171","2819","0","sm-bb51"
"171","2820","0","50-54CM"
"171","2821","0","""11*8*9"
"171","2822","0","6*HOLLOW"
"171","2823","0","1000ml"
"171","2824","0","10MM 36H"
"171","2825","0","10/14MM"
"171","2826","0","""1-1/8"
"171","2827","0","591ML"
"171","2828","0","34-35"
"171","2829","0","44-45"
"171","2830","0","38-39"
"171","2831","0","M6*75MM"
"171","2832","0","9Y"
"171","2833","0","7Y"
"171","2834","0","5Y"
"171","2835","0","pd-r540s"
"171","2836","0","BR-M432L"
"171","2837","0","80"
"171","2838","0","""26*2.00"
"171","2839","0","9sp,m590"
"171","2840","0","3/8 sp"
"171","2841","0","53MM"
"171","2842","0","3mm"
"171","2843","0","""26*2.10"
"171","2844","0","""3/8"
"171","2845","0","175mm"
"171","2846","0","19mmx8"
"171","2847","0","6x"
"171","2848","0","26X"
"171","2849","0","185MM"
"171","2850","0","M/12"
"171","2851","0","31.6 X 3"
"171","2852","0","INDIA"
"171","2853","0","5603L"
"171","2854","0","5MMX25T"
"171","2855","0","30t"
"171","2856","0","115MM"
"171","2857","0","40X90"
"171","2858","0","10.5mm"
"171","2859","0","22X170MM"
"171","2860","0","20 IN"
"171","2861","0","3/16"""
"171","2862","0","6-17 MM"
"171","2863","0","44 MM"
"171","2865","0","158mm"
"171","2866","0","510h"
"171","2867","0","1/2x1/8"
"171","2868","0","M24 THR"
"171","2869","0","us bb"
"171","2870","0","LONG23MM"
"171","2871","0","9t,14mm"
"171","2872","0","LX"
"171","2873","0","LXL"
"171","2874","0","8.6 ht"
"171","2875","0","115 X 28"
"171","2876","0","1sz"
"171","2877","0","54-59"
"171","2878","0","90mm"
"171","2879","0","1SIZ"
"171","2880","0","7/8/9 sp"
"171","2881","0","M 54-60C"
"171","2882","0","3X9 SPD"
"171","2883","0","100*38MM"
"171","2884","0","sr"
"171","2885","0","l-19.5"
"171","2982","0","3/8x36h"
"171","2992","0","188"
"171","3818","0","10"" X 36"
"171","3819","0","XS/MD"
"171","3820","0","40CM"
"171","3821","0","MANGAF"
"171","3822","0","SAL"
"171","3823","0","205X 5MM"
"171","3825","0","10T"
"171","3827","0","BL-SL-WT"
"171","3828","0","WSD"
"171","3829","0","RD-GY-WT"
"171","3832","0","57-62"
"171","3833","0","61-65"
"171","3834","0","47-52"
"171","3835","0","49-55"
"171","3836","0","45-52"
"171","3837","0","L 58-64"
"171","3838","0","S/M52-60"
"171","3839","0","52 TO 56"
"171","3840","0","55 TO 58"
"171","3841","0","58 TO 61"
"171","3842","0","51 TO 55"
"171","3843","0","55 TO 59"
"171","3844","0","52 TO 57"
"171","3845","0","55 TO 60"
"171","3846","0","56 TO 60"
"171","3847","0","47 TO 52"
"171","3848","0","57 TO 62"
"171","3849","0","CREAM"
"171","3850","0","GEL"
"171","3851","0","MOUSSE"
"171","3852","0","SHOWER"
"171","3854","0","BLK-TEAL"
"171","3855","0","LT BLU"
"171","3856","0","650MM"
"171","3857","0","36H 20"""
"171","3858","0","14X10"
"171","3859","0","170 MM"
"171","3860","0","165 MM"
"171","3861","0","7.25"""
"171","3862","0","12H"
"171","3864","0","KALKOFF"
"171","3865","0","BURNETT"
"171","3866","0",".80 OZ"
"171","3867","0","4346"
"171","3868","0","25.4 mm"
"171","3869","0","COMBO"
"171","3870","0","LG-XL"
"171","3871","0","55-59"
"171","3873","0","54-60"
"171","3874","0","52 CM"
"171","3875","0","56 CM"
"171","3876","0","700X38"
"171","3877","0","20X2.3"
"171","3878","0","127MM"
"171","3879","0","FOOTBALL"
"171","3880","0","BUNNY"
"171","3881","0","V2"
"171","3882","0","l/14"
"171","3883","0","DEVLIN"
"171","3884","0","BEZANSON"
"171","3885","0","DITCHBUR"
"171","3886","0","AT-550"
"171","3887","0","PUR-PNK"
"171","3888","0","RED-ORNG"
"171","3889","0","FUCHSIA"
"171","3890","0","GRN-BLU"
"171","3891","0","FLR-PUR"
"171","3892","0","FUSC-PUR"
"171","3893","0","BAG"
"171","3894","0","BLK-RD"
"171","3895","0","WHT-BK"
"171","3896","0","5MM-S"
"171","3897","0","7MM-M"
"171","3898","0","7MM-L"
"171","3899","0","PRO-TEC"
"171","3900","0","M80"
"171","3901","0","4"""
"171","3902","0","GR-NGAM"
"171","3903","0","GRY-NGAL"
"171","3907","0","1KG"
"171","3908","0","800 GM"
"171","3909","0","333 GM"
"171","3910","0","250GRMS"
"171","3911","0","270 G"
"171","3912","0","250GM"
"171","3913","0","1 KG"
"171","3914","0","200 G"
"171","3915","0","1K"
"171","3916","0","220 GM"
"171","3917","0","250G"
"171","3918","0","125 GM"
"171","3919","0","200G"
"171","3920","0","24 PCS"
"171","3924","0","14 M"
"171","3925","0","12 M"
"171","3926","0","0.7"
"171","3930","0","4.9M"
"171","3931","0","700X25"
"171","3932","0","26X2.2"
"171","3933","0","26X1.50"
"171","3935","0","26X1.6"
"171","3936","0","1.95"
"171","3937","0","1.85"
"171","3938","0","BIG"
"171","3939","0","75ML"
"171","3940","0","BLU-YLW"
"171","3941","0","BRN-GRN"
"171","3942","0","BLK- RED"
"171","3943","0","2010"
"171","3944","0","A"
"171","3946","0","4.5"
"171","3952","0","ASS"
"171","3953","0","FREE"
"171","3954","0","BLK-BAIG"
"171","3960","0","139"
"171","3962","0","134"
"171","3963","0","131"
"171","3964","0","142"
"171","3965","0","140"
"171","3966","0","141"
"171","3969","0","TALL"
"171","3970","0","46M"
"171","3971","0","48M"
"171","3972","0","CITRUS"
"171","3973","0","44T"
"171","3975","0","36X 9T"
"171","3976","0","3 PIECE"
"171","3977","0","14.5MM"
"171","3978","0","195MM"
"171","3979","0","140MM"
"171","3980","0","25-28"
"171","3982","0","22"
"171","3983","0","55MM"
"171","3984","0","57MM"
"171","3985","0","28.5"
"171","3986","0","26.5"
"171","3987","0","25.5"
"171","3989","0","29.5"
"171","3990","0","43565"
"171","3992","0","36647"
"171","3993","0","28-30"
"171","3994","0","13.5"
"171","3995","0","16.5"
"171","3996","0","17"
"171","3998","0","LONG"
"171","4000","0","40MM"
"171","4001","0","75"
"171","4002","0","S 25"
"171","4003","0","430CC"
"171","4004","0","480CC"
"171","4005","0","S 20 OZ"
"171","4006","0","6MM"
"171","4007","0","20 OZ"
"171","4008","0","TT"
"171","4009","0","117X20X8"
"171","4010","0","117X45X9"
"171","4011","0","94X113"
"171","4012","0","85MM"
"171","4013","0","4X12MM"
"171","4014","0","6X10M"
"171","4015","0","125MM"
"171","4016","0","54-62"
"171","4017","0","160 6 B"
"171","4018","0","10S"
"171","4019","0","LG CLIP"
"171","4021","0","W -CLEAT"
"171","4023","0","127 CM"
"171","4024","0","SET OF 4"
"171","4025","0","112CM"
"171","4026","0","7.5/8.25"
"171","4027","0","ASST"
"171","4028","0","RASTA"
"171","4029","0","BLK- WHT"
"171","4030","0","8-PACK"
"171","4031","0","ABEC 5"
"171","4032","0","ABEC 7"
"171","4034","0","3 PK"
"171","4035","0","8 PC"
"171","4036","0","16 PC"
"171","4037","0","13.5-K"
"171","4038","0","12.5-K"
"171","4039","0","11.5-K"
"171","4042","0","33"
"171","4043","0","RED-PURP"
"171","4044","0","O/S"
"171","4045","0","CHA"
"171","4046","0","ACEC 7"
"171","4047","0","ACEC 5"
"171","4048","0","R3"
"171","4049","0","R2"
"171","4050","0","R1"
"171","4054","0","700/ 32H"
"171","4055","0","281X2.0"
"171","4056","0","294X2.0"
"171","4057","0","20.6-21"
"171","4059","0","9.8"
"171","4060","0","SYN"
"171","4061","0","27.2X330"
"171","4062","0","35.0MM"
"171","4063","0","27.2/350"
"171","4064","0","5.5"
"171","4065","0","3.5"
"171","4067","0","DART"
"171","4070","0","SOFT"
"171","4071","0","ROLLER"
"171","4072","0","T.BLOCK"
"171","4073","0","ELASTOGE"
"171","4074","0","40/42"
"171","4075","0","38/42"
"171","4076","0","43/47"
"171","4077","0","10T-3Y"
"171","4078","0","43719"
"171","4079","0","43593"
"171","4082","0","2Y-5Y"
"171","4083","0","43655"
"171","4087","0","11 TO 14"
"171","4088","0","8 TO 11"
"171","4091","0","138"
"171","4092","0","143"
"171","4094","0","38MM"
"171","4095","0","TI-SL"
"171","4096","0","WT-BK"
"171","4097","0","STAND"
"171","4098","0","72/82"
"171","4099","0","184MM"
"171","4101","0","49MM"
"171","4102","0","37-40"
"171","4103","0","WB"
"171","4104","0","W-B"
"171","4105","0","GREN"
"171","4107","0","SAND"
"171","4108","0","SAVANEX"
"171","4109","0","SAVANE"
"171","4110","0","13.5L"
"171","4111","0","16.5L"
"171","4112","0","580MM"
"171","4113","0","L75"
"171","4114","0","BOTTLE"
"171","4115","0","CASE"
"171","4116","0","KIDS"
"171","4117","0","PNK"
"171","4118","0","DVD"
"171","4119","0","11-26 T"
"171","4120","0","7.1MM"
"171","4121","0","34.9MM"
"171","4122","0","SF11-XCM"
"171","4123","0","8/9 SPED"
"171","4124","0","ARMY"
"171","4125","0","COLOR"
"171","4126","0","12-26T"
"171","4128","0","10SPED"
"171","4129","0","5600-L"
"171","4130","0","W/RTR"
"171","4131","0","170"
"171","4132","0","7900"
"171","4133","0","T-MOBIL"
"171","4134","0","M858"
"171","4135","0","2SHOT"
"171","4136","0","CARGO"
"171","4137","0","2 INCH"
"171","4138","0","125 CM"
"171","4139","0","12,6OR 3"
"171","4140","0","8,6 OR 2"
"171","4141","0","7.875"
"171","4142","0","7.63"
"171","4143","0","7.68"
"171","4145","0","7.5*X31"
"171","4146","0","ASSORTED"
"171","4147","0","43654"
"171","4149","0","4PK"
"171","4150","0","80 PAGE"
"171","4151","0","CHECKER"
"171","4152","0","SHILD"
"171","4153","0","SHIELD"
"171","4154","0","ORANGE-W"
"171","4155","0","GY"
"171","4156","0","RED-GRY"
"171","4157","0","36IN"
"171","4158","0","5FTX8M"
"171","4159","0","L0135768"
"171","4161","0","30"
"171","4162","0","26-28"
"171","4163","0","14"
"171","4164","0","28-32"
"171","4165","0","12G"
"171","4166","0","1.25 2BK"
"171","4167","0","2BIKE"
"171","4168","0","ABEC 3"
"171","4169","0","COLOR TI"
"171","4170","0","2M"
"171","4172","0","1.8"
"171","4173","0","145"
"171","4174","0","250KG"
"171","4175","0","158KG"
"171","4176","0","110KG"
"171","4177","0","100KG"
"171","4178","0","70KG"
"171","4179","0","50KG"
"171","4180","0","25KG"
"171","4181","0","26X2.25"
"171","4182","0","26X1.90"
"171","4183","0","26X2.30"
"171","4184","0","26X2.0"
"171","4186","0","43657"
"171","4190","0","28.5X25X"
"171","4192","0","LT.BLUE"
"171","4193","0","215"
"171","4195","0","51MM"
"171","4196","0","7.62"
"171","4198","0","7.37"
"171","4199","0","43749"
"171","4203","0","43686"
"171","4205","0","43592"
"171","4206","0","43718"
"171","4207","0","43688"
"171","4209","0","43626"
"171","4210","0","43750"
"171","4212","0","12Y-15Y"
"171","4213","0","8Y - 12Y"
"171","4214","0","43781"
"171","4220","0","111"
"171","4221","0","137"
"171","4224","0","132"
"171","4226","0","130"
"171","4231","0","144"
"171","4237","0","133"
"171","4239","0","DARK RED"
"171","4240","0","180"
"171","4241","0","305MM"
"171","4242","0","8.5X23"
"171","4243","0","6X1.75CM"
"171","4244","0","10X0.65C"
"171","4245","0","24X7CM"
"171","4246","0","DISPLAY"
"171","4247","0","43591"
"171","4249","0","LBL-GY"
"171","4250","0","ROSSO"
"171","4251","0","120"
"171","4252","0","BRS"
"171","4253","0","CR"
"171","4254","0","28 INCH"
"171","4255","0","RED-WHIT"
"171","4256","0","BLACK-WH"
"171","4257","0","BLACK-GR"
"171","4258","0","BLACK-RE"
"171","4259","0","WT-RED"
"171","4260","0","BK-RED"
"171","4261","0","WT- RD"
"171","4262","0","SL- WHT"
"171","4263","0","84X100"
"171","4265","0","83X120"
"171","4266","0","83X110"
"171","4267","0","83X100"
"171","4268","0","83X90"
"171","4269","0","MED"
"171","4270","0","84X120"
"171","4271","0","84X110"
"171","4273","0","84X90"
"171","4274","0","60/45"
"171","4275","0","13X10X9"
"171","4276","0","CO2"
"171","4279","0","7.8"
"171","4293","0","8.37"
"171","4296","0","7.56"
"171","4297","0","7.88"
"171","4298","0","PANIC RE"
"171","4299","0","GIALLO"
"171","4300","0","BIANCO"
"171","4301","0","26X2.00"
"171","4302","0","700X19"
"171","4304","0","43724"
"171","4306","0","MEN"
"171","4307","0","MENS"
"171","4308","0","27.2MM"
"171","4309","0","4.75"
"171","4311","0","53"
"171","4314","0","8.1"
"171","4316","0","7.6"
"171","4317","0","7.4"
"171","4318","0","7.7"
"171","4319","0","7.65"
"171","4320","0","S/10"
"171","4321","0","CT RITMO"
"171","4322","0","2011"
"171","4323","0","HYDROMAG"
"171","4324","0","RED- BLK"
"171","4325","0","CLIP RED"
"171","4326","0","WALLET R"
"171","4329","0","8T"
"171","4330","0","NEON PNK"
"171","4331","0","GLOW"
"171","4332","0","50 MM"
"171","4334","0","20.25"
"171","4335","0","56MM"
"171","4336","0","YELL/NEO"
"171","4337","0","LIGHT"
"171","4338","0","NIGHT"
"171","4339","0","GOLD-BLU"
"171","4340","0","BLU- BLK"
"171","4341","0","ORG- BLK"
"171","4342","0","BLK -RED"
"171","4343","0","56-58MM"
"171","4344","0","50-56MM"
"171","4345","0","50-52MM"
"171","4346","0","52-53"
"171","4347","0","RCR"
"171","4349","0","BK-WH"
"171","4350","0","8.5X31"
"171","4351","0","43687"
"171","4355","0","32 CM"
"171","4356","0","30CM"
"171","4358","0","124"
"171","4359","0","GRN- ORN"
"171","4365","0","100X40MM"
"171","4366","0","85 LINK"
"171","4367","0","43777"
"171","4369","0","XS/8"
"171","4370","0","44CM"
"171","4371","0","620MM"
"171","4372","0","PLASTIC"
"171","4373","0","265"
"171","4374","0","M50"
"171","4375","0","L 75"
"171","4376","0","W/ CO2"
"171","4377","0","43773"
"171","4378","0","130RR"
"171","4379","0","W/B FT"
"171","4380","0","125ML"
"171","4381","0","5 LT"
"171","4382","0","4MMX25FT"
"171","4383","0","10S/ 5.9"
"171","4384","0","M 410"
"171","4385","0","84X70MM"
"171","4386","0","84X80MM"
"171","4387","0","83X70 NT"
"171","4388","0","83X70"
"171","4389","0","68X122.5"
"171","4391","0","BLK-GREE"
"171","4392","0","16 L"
"171","4393","0","BLK-ORAN"
"171","4394","0","lime"
"171","4395","0","AQUA"
"171","4396","0","ABC 9"
"171","4397","0","ABC 7"
"171","4398","0","BOLT"
"171","4400","0","9X34"
"171","4401","0","WAX-RED"
"171","4402","0","11871"
"171","4403","0","6/PK"
"171","4404","0","GRN-YEL"
"171","4405","0","43652"
"171","4407","0","43528"
"171","4408","0","SLT"
"171","4409","0","PH"
"171","4410","0","RUBBER"
"171","4412","0","MNR"
"171","4413","0","PLS"
"171","4414","0","84X90MM"
"171","4418","0","9x33"
"171","4420","0","512MB"
"171","4421","0","3 M"
"171","4422","0","11PCS"
"171","4423","0","24 IN"
"171","4426","0","52CM"
"171","4427","0","50CM"
"171","4428","0","58CM"
"171","4430","0","27.2"
"171","4431","0","31.6MM"
"171","4432","0","6X330MM"
"171","4433","0","2X330MM"
"171","4434","0","39.5 (8)"
"171","4435","0","41 (8)"
"171","4437","0","50.5MM"
"171","4438","0","MIX MM"
"171","4439","0","mt"
"171","4440","0","12T-5Y"
"171","4442","0","43595"
"171","4444","0","8 TO 12"
"171","4446","0","GR-BLUE"
"171","4447","0","BLK-PURP"
"171","4448","0","GR MARBL"
"171","4449","0","FL BLUE"
"171","4450","0","BLK- CHA"
"171","4451","0","GLOSSTAN"
"171","4452","0","15"
"171","4453","0","BK-GRAY"
"171","4454","0","14.5"
"171","4456","0","XL/16"
"171","4458","0","44MM"
"171","4459","0","GLOSSY"
"171","4460","0","6.6"
"171","4461","0","4oz"
"171","4462","0","630MM"
"171","4463","0","4400"
"171","4464","0","8.12"
"171","4465","0","8.18"
"171","4467","0","7.87"
"171","4468","0","9"" ROLL"
"171","4469","0","ABC-7"
"171","4470","0","ABC-9"
"171","4471","0","ABC-5"
"171","4472","0","REG"
"171","4473","0","EYES MIX"
"171","4474","0","BLK-SILV"
"171","4475","0","20-BOX9X"
"171","4476","0","AS"
"171","4477","0","CH"
"171","4478","0","ASPH"
"171","4479","0","SILICIUM"
"171","4480","0","WHTBROWN"
"171","4481","0","BLK-YELL"
"171","4482","0","S / M"
"171","4483","0","37263"
"171","4484","0","BEIGE"
"171","4485","0","CHO- BLK"
"171","4486","0","SUN- ROY"
"171","4487","0","LIM- BLU"
"171","4488","0","RED- BLU"
"171","4490","0","12 CARD"
"171","4491","0","700X26"
"171","4492","0","700X24"
"171","4493","0","700X28"
"171","4495","0","54CM"
"171","4496","0","56CM"
"171","4497","0","20/175MM"
"171","4498","0","500G"
"171","4500","0","129MM"
"171","4501","0","149"
"171","4502","0","5.25=8.0"
"171","4504","0","54MM"
"171","4505","0","9 TO 11"
"171","4506","0","7 TO 9"
"171","4508","0","5 TO 10"
"171","4509","0","12TO13+"
"171","4511","0","6 TO 8"
"171","4512","0","12 TO13+"
"171","4513","0","8 TO 9"
"171","4515","0","10 TO 12"
"171","4516","0","8 TO 10"
"171","4517","0","5 TO 8"
"171","4518","0","M. WHITE"
"171","4519","0","M. BLACK"
"171","4520","0","GRAY- BL"
"171","4521","0","36 RHD 9"
"171","4522","0","H. BLUE"
"171","4523","0","0"
"171","4524","0","NV-NP"
"171","4525","0","WD GRAIN"
"171","4526","0","18"""
"171","4527","0","TURQUOIS"
"171","4528","0","42/31.8"
"171","4529","0","44/31.8"
"171","4530","0","62GRAM"
"171","4531","0","WH-GREEN"
"171","4533","0","116,9SP"
"171","4534","0","8,9,10"
"171","4535","0","93 * 72"
"171","4536","0","62"
"171","4537","0","7/8/9/10"
"171","4538","0","284MM"
"171","4539","0","260MM"
"171","4541","0","274MM"
"171","4542","0","100ML"
"171","4543","0","7/8SPEED"
"171","4544","0","3/7 SP"
"171","4545","0","7/8 SP"
"171","4546","0","42*32*24"
"171","4547","0","42*32*22"
"171","4548","0","50*39*30"
"171","4549","0","101"
"171","4550","0","312"
"171","4551","0","8.3875"
"171","4552","0","8.47"
"171","4553","0","8.19"
"171","4554","0","8.19"""
"171","4555","0","7.625"
"171","4557","0","8.38"
"171","4559","0","8.88"
"171","4560","0","8.2"
"171","4562","0","ABEC7"
"171","4563","0","ABEC5"
"171","4564","0","ABEC 7'5"
"171","4565","0","ABEC 5'5"
"171","4566","0","ABEC3"
"171","4567","0","SL-SL"
"171","4568","0","GOLD-BLK"
"171","4569","0","34"
"171","4571","0","WHT LILA"
"171","4572","0","WHT -RED"
"171","4573","0","WHT BLUE"
"171","4574","0","WHT BROW"
"171","4575","0","MATTBLUE"
"171","4576","0","GR-SIL"
"171","4581","0","136"
"171","4584","0","128"
"171","4586","0","146"
"171","4588","0","SEMI GLO"
"171","4589","0","GLOSS BL"
"171","4590","0","36LHD9T"
"171","4592","0","4M"
"171","4593","0","4L"
"171","4595","0","3M"
"171","4596","0","3L"
"171","4598","0","19.6"
"171","4599","0","4XL"
"171","4600","0","2L"
"171","4601","0","300 ML"
"171","4602","0","BL-M615"
"171","4603","0","BR-4600"
"171","4604","0","11-36T"
"171","4605","0","T"
"171","4606","0","9"""
"171","4607","0","50-90LBS"
"171","4608","0","30-50LBS"
"171","4609","0","0-30LBS"
"171","4611","0","RED-ORA"
"171","4612","0","BLK WD"
"171","4613","0","RED-SIL"
"171","4614","0","GR-WHT"
"171","4615","0","BR-WHT"
"171","4616","0","TOR-WHT"
"171","4617","0","CL-WHT"
"171","4618","0","BL-WHT"
"171","4619","0","POMEGRAN"
"171","4620","0","RASPBERR"
"171","4621","0","LEMONADE"
"171","4622","0","TRIBERRY"
"171","4623","0","MELON"
"171","4624","0","APPLE"
"171","4625","0","KIWI"
"171","4626","0","NACTARS"
"171","4627","0","PINEAPPL"
"171","4628","0","STRAWBER"
"171","4629","0","sublime"
"171","4630","0","LOVE"
"171","4631","0","OUTRAGE"
"171","4632","0","BEAN"
"171","4633","0","jet"
"171","4634","0","MANDARIN"
"171","4635","0","40G"
"171","4636","0","45G"
"171","4638","0","60ML"
"171","4639","0","65G"
"171","4642","0","51"
"171","4643","0","52.5MM"
"171","4644","0","58MM"
"171","4645","0","TRIBAL"
"171","4646","0","8MM"
"171","4647","0","COPPER-"
"171","4648","0","BLK/WHT"
"171","4649","0","BL-WH"
"171","4650","0","SL-PUR"
"171","4651","0","PI-BLK"
"171","4652","0","1IN"
"171","4653","0","20*20'"
"171","4654","0","'31.8*15"
"171","4655","0","110"
"171","4656","0","43-44"
"171","4657","0","42-43"
"171","4658","0","8 INCH"
"171","4659","0","93*72'"
"171","4660","0","PD-R550"
"171","4661","0","PD-5700-"
"171","4662","0","PD-9000"
"171","4663","0","7.82"
"171","4667","0","8.862"
"171","4669","0","8.475"
"171","4670","0","60*9"""
"171","4671","0","SINGLE"
"171","4672","0","1.25"""
"171","4673","0","1.125"""
"171","4674","0","YEL-RED"
"171","4675","0","2XL 43+"
"171","4676","0","XL 40-43"
"171","4677","0","L37-40CM"
"171","4678","0","35-37CM"
"171","4679","0","33-35CM"
"171","4680","0","RIS0001"
"171","4681","0","250CM"
"171","4682","0","200CM"
"171","4683","0","L-24"
"171","4684","0","M-18"
"171","4685","0","S-12"
"171","4686","0","L - 24"""
"171","4687","0","M - 18"""
"171","4688","0","S - 12"""
"171","4689","0","RCX5"
"171","4690","0","4 IN TIN"
"171","4691","0","6C"
"171","4692","0","5C"
"171","4693","0","4C"
"171","4695","0","27OZ"
"171","4696","0","21OZ"
"171","4697","0","6 PACK"
"171","4698","0","10MM-9'"
"171","4699","0","15 FOOT"
"171","4700","0","8"""
"171","4701","0","NEONORG"
"171","4702","0","2-5 YEAR"
"171","4707","0","GLOWDARK"
"171","4708","0","85LINKS"
"171","4709","0","HIGH YEL"
"171","4710","0","14MM 36H"
"171","4711","0","20""*2.3"""
"171","4712","0","20""X2.35"
"171","4714","0","18PC"
"171","4715","0","16PC"
"171","4716","0","8PC"
"171","4717","0","8PCS"
"171","4718","0","1PC"
"171","4719","0","S4"
"171","4720","0","84MM"
"171","4721","0","78MM"
"171","4722","0","76MM"
"171","4723","0","54-58CM"
"171","4724","0","58-61CM"
"171","4725","0","48-52CM"
"171","4726","0","4+"
"171","4727","0","2+"
"171","4728","0","1+"
"171","4729","0","SIL-BLK"
"171","4730","0","CL-AQUA"
"171","4731","0","BL-MIRRO"
"171","4732","0","PINK-AQU"
"171","4733","0","BL-CLEAR"
"171","4734","0","SMOKE-CL"
"171","4735","0","GR"
"171","4736","0","510MM"
"171","4737","0","GRN- BLK"
"171","4738","0","4MM*30M"
"171","4739","0","15MM"
"171","4740","0","PFP-5"
"171","4741","0","PMP-4"
"171","4742","0","WH"
"171","4744","0","52MM*2"
"171","4745","0","80MM*2"
"171","4746","0","12 IN"
"171","4747","0","PK-PK"
"171","4749","0","39508"
"171","4750","0","WATERMEL"
"171","4751","0","GRAPFRUT"
"171","4752","0","PEACH TE"
"171","4753","0","LEMON"
"171","4754","0","PEANUT"
"171","4755","0","SALTED"
"171","4756","0","STRABERR"
"171","4758","0","50G"
"171","4759","0","80G"
"171","4760","0","BK-YL-GN"
"171","4762","0","155"
"171","4763","0","11749"
"171","4764","0","BB90/95"
"171","4766","0","2.4"
"171","4767","0","29X2.0"
"171","4768","0","29 X 2.2"
"171","4769","0","31.5X7.7"
"171","4770","0","GRY-GRN"
"171","4771","0","YEL-BLU"
"171","4772","0","24X24"
"171","4773","0","PUR-BLK"
"171","4774","0","8 BIKE"
"171","4775","0","RED & WH"
"171","4776","0","35MM"
"171","4777","0","MULTI MI"
"171","4778","0","SIL-MIRR"
"171","4779","0","BLK-SMOK"
"171","4780","0","15.5 IN"
"171","4781","0","BK-BL"
"171","4782","0","BK-GY-WT"
"171","4783","0","120X31.8"
"171","4784","0","PK-65"
"171","4785","0","BR-M375"
"171","4786","0","2MM"
"171","4787","0","4.8"
"171","4789","0","S S"
"171","4790","0","CAMO"
"171","4791","0","L - 7MM"
"171","4792","0","S - 7MM"
"171","4793","0","S - 5MM"
"171","4794","0","XL - 7MM"
"171","4795","0","NB-516"
"171","4796","0","CHOC"
"171","4797","0","EACH"
"171","4798","0","5CM*5M"
"171","4799","0","SIZE 3"
"171","4800","0","BK-WT-SI"
"171","4801","0","WT-WL-BK"
"171","4802","0","SIZE 5"
"171","4803","0","SIZE5"
"171","4804","0","SIZE 7"
"171","4805","0","TUR-SIL"
"171","4806","0","SIL-SIL"
"171","4807","0","GOLD-SL"
"171","4808","0","BLK-LIME"
"171","4809","0","BLK-TURQ"
"171","4810","0","ORG-BLK"
"171","4811","0","LIME-BLK"
"171","4812","0","BL-BLACK"
"171","4813","0","ANTHRACI"
"171","4814","0","21X4"
"171","4815","0","20X3X1.5"
"171","4816","0","5 IN"
"171","4817","0","47CM"
"171","4819","0","265MM"
"171","4820","0","61MM"
"171","4821","0","7.7""X31"""
"171","4822","0","COP-BLK"
"171","4823","0","18*2.125"
"171","4824","0","20*2.30'"
"171","4825","0","20*2.20'"
"171","4826","0","8 YEARS"
"171","4827","0","4.5"""
"171","4828","0","META-BLK"
"171","4829","0","METAL-BL"
"171","4830","0","20L"
"171","4831","0","25L"
"171","4834","0","METAL"
"171","4836","0","25.4MM"
"171","4837","0","1.02L"
"171","4838","0","95X39X32"
"171","4839","0","98X40X32"
"171","4840","0","NAT BLUE"
"171","4841","0","HIG/FAR"
"171","4842","0","LOW/FAR"
"171","4843","0","TL-5C"
"171","4844","0","M3*.5*7M"
"171","4845","0","EFD3500F"
"171","4846","0","m3"
"171","4847","0","NYLON"
"171","4848","0","8.06"
"171","4851","0","st"
"171","4853","0","SS"
"171","4854","0","27 OZ"
"171","4855","0","SMALLA"
"171","4856","0","COMPACT"
"171","4857","0","SR-1"
"171","4858","0","MAT GREY"
"171","4859","0","BLK RED"
"171","4860","0","600 ML"
"171","4861","0","43778"
"171","4862","0","43715"
"171","4863","0","43810"
"171","4864","0","43779"
"171","4865","0","43747"
"171","4866","0","43716"
"171","4868","0","43683"
"171","4876","0","64GB"
"171","4877","0","8C"
"171","4878","0","3C"
"171","4879","0","KT-DP58"
"171","4880","0","KT-DP48"
"171","4881","0","46-50"
"171","4882","0","56-61"
"171","4883","0","MD/LG"
"171","4885","0","31.8MM"
"171","4886","0","XL-120CU"
"171","4887","0","L-95CU"
"171","4888","0","BLK-ORG"
"171","4889","0","BLK-TEL"
"171","4890","0","BLK-WHTE"
"171","4891","0","130/130"
"171","4892","0","130/130'"
"171","4893","0","9.5MM"
"171","4894","0","38645"
"171","4895","0","M4*6MM"
"171","4896","0","B197T"
"171","4897","0","LG1+"
"171","4898","0","PMP-3"
"171","4899","0","NEON GRN"
"171","4900","0","PRP-GRN"
"171","4901","0","B-W-Y"
"171","4902","0","BK-WT-YL"
"171","4903","0","4 PACK"
"171","4904","0","3 PACK"
"171","4905","0","2 PACK"
"171","4906","0","22OZ"
"171","4907","0","RED GREY"
"171","4908","0","RED SIL"
"171","4909","0","BLK SIL"
"171","4910","0","BLK WHT"
"171","4911","0","WHT YEL"
"171","4912","0","BLK ORG"
"171","4913","0","M-XXL"
"171","4914","0","XS-S"
"171","4915","0","SIL-BERY"
"171","4916","0","5MM-M"
"171","4917","0","5MM-L"
"171","4918","0","11'SR"
"171","4919","0","SR-1S"
"171","4920","0","142MM"
"171","4921","0","KOBZA"
"171","4922","0","DITCHBU"
"171","4923","0","BARRACO"
"171","4924","0","16 IN"
"171","4926","0","220 MM"
"171","4927","0","CHOCOLAT"
"171","4928","0","PEA BUTR"
"171","4929","0","MACCHIAT"
"171","4931","0","7.775"
"171","4932","0","7.875 FU"
"171","4933","0","8.0 FUL"
"171","4934","0","7.625 FU"
"171","4935","0","7.75 FUL"
"171","4936","0","8.125"
"171","4938","0","43746"
"171","4939","0","43809"
"171","4940","0","41609"
"171","4941","0","42339"
"171","4942","0","43682"
"171","4943","0","43807"
"171","4944","0","125"
"171","4945","0","RAW DIE"
"171","4946","0","175/22"
"171","4947","0","THOR"
"171","4948","0","SPIDERMA"
"171","4949","0","IRONMAN"
"171","4950","0","HULK"
"171","4951","0","CPT AMER"
"171","4952","0","TEL-CHR"
"171","4953","0","GOLD-CHR"
"171","4954","0","BLK-CHR"
"171","4955","0","TEL-PNK"
"171","4956","0","VORTEX"
"171","4957","0","AVLAN"
"171","4958","0","AVLANC"
"171","4959","0","slv-blu"
"171","4960","0","58-61"
"171","4961","0","55-58"
"171","4963","0","15-39"
"171","4964","0","710 ML"
"171","4965","0","158"
"171","4966","0","97"
"171","4967","0","164"
"171","4968","0","96"
"171","4969","0","94"
"171","4970","0","67"
"171","4971","0","65"
"171","4972","0","7/8 SPD"
"171","4973","0","6/7/8 SP"
"171","4974","0","116 LINK"
"171","4975","0","50M"
"171","4976","0","122.5/73"
"171","4977","0","68MM-121"
"171","4978","0","60'2"
"171","4979","0","BLK MAT"
"171","4980","0","XLARG-38"
"171","4981","0","SMALL-32"
"171","4982","0","MED-34"
"171","4983","0","LARG-36"
"171","4984","0","FAT"
"171","4985","0","CARVE"
"171","4986","0","9.5, 41"
"171","4987","0","9, 40.5"
"171","4988","0","8.5, 40"
"171","4989","0","8, 39.5"
"171","4990","0","12 TO 15"
"171","4993","0","12 TO 13"
"171","4996","0","10 TO 11"
"171","4997","0","9 TO 10"
"171","4998","0","150X27,8"
"171","4999","0","156 X29"
"171","5000","0","156 X29."
"171","5001","0","155 X 29"
"171","5002","0","WHT-ORN"
"171","5003","0","WHT-VIOL"
"171","5004","0","175 MM"
"171","5005","0","175MM, M"
"171","5006","0","175MM ,"
"171","5007","0","K710SL"
"171","5008","0","K710"
"171","5009","0","right"
"171","5010","0","26T"
"171","5011","0","27T"
"171","5012","0","2X14MM"
"171","5013","0","SEALED"
"171","5014","0","3/8 """
"171","5016","0","20X2.25"
"171","5017","0","18 X 2.2"
"171","5018","0","20""X2.30"
"171","5019","0","20""X2.40"
"171","5020","0","20""X2.10"
"171","5021","0","36H,AERO"
"171","5022","0","36H,STRT"
"171","5023","0","MED/LAR"
"171","5024","0","48-55CM"
"171","5025","0","10"""
"171","5026","0","8.5"""
"171","5027","0","8.9 HT"
"171","5028","0","15-39MM"
"171","5029","0","21.7-26M"
"171","5030","0","130/130M"
"171","5031","0","1.5 - 10"
"171","5032","0","186MM"
"171","5035","0","CRMO"
"171","5036","0","WT-RD"
"171","5037","0","2XL"
"171","5038","0","CARB-RUB"
"171","5039","0","GUN MAT"
"171","5040","0","BLK- ORN"
"171","5041","0","BLK GUN"
"171","5042","0","BLK- MAT"
"171","5043","0","29 X 2."
"171","5044","0","CARB-BLK"
"171","5045","0","PEW-IRID"
"171","5046","0","CARB-PRI"
"171","5047","0","GLD-IRID"
"171","5048","0","SLV-GRY"
"171","5049","0","BLK-IRID"
"171","5050","0","BRONZE"
"171","5051","0","BLK-RUBY"
"171","5052","0","BLK-VIOL"
"171","5053","0","BLK-FIRE"
"171","5054","0","GRY-JADE"
"171","5055","0","CLR-IRID"
"171","5056","0","GRY-VIOL"
"171","5057","0","BLK-CHRO"
"171","5058","0","GRY-FIRE"
"171","5059","0","BLK-VLT"
"171","5060","0","ARMY-GRY"
"171","5061","0","262.MM"
"171","5062","0","BLU-IRID"
"171","5063","0","BLK-JADE"
"171","5064","0","BLK-BRON"
"171","5065","0","DS"
"171","5066","0","CRB-IRID"
"171","5067","0","7.25"
"171","5068","0","WHT-PRIZ"
"171","5069","0","9.25"""
"171","5070","0","9.5"""
"171","5071","0","26 X C32"
"171","5072","0","BLK-PRIN"
"171","5073","0","MERCADO"
"171","5074","0","BLK-PRIZ"
"171","5075","0","COULOMB"
"171","5076","0","BLU-XGRY"
"171","5077","0","BRN-IRID"
"171","5078","0","BURNET"
"171","5079","0","GRY-GRY"
"171","5080","0","ARMY-BRN"
"171","5081","0","ALU-ICE"
"171","5084","0","52MM X 4"
"171","5085","0","51MM X 4"
"171","5086","0","38CM"
"171","5087","0","FUL8.0"
"171","5088","0","FUL7.75"
"171","5089","0","28-25MM"
"171","5090","0","FUL7.625"
"171","5091","0","7.5 FUL"
"171","5092","0","43689"
"171","5093","0","MD"
"171","5095","0","CRIM RED"
"171","5096","0","45T"
"171","5097","0","2.1"
"171","5099","0","20X2.30"""
"171","5100","0","20X2.20"""
"171","5101","0","2.2"
"171","5102","0","GRY-BLAK"
"171","5103","0","7.81"
"171","5105","0","CR2032"
"171","5106","0","170MM/11"
"171","5107","0","40/42T"
"171","5108","0","1"" SET"
"171","5109","0","9""X33"""
"171","5111","0","200"
"171","5112","0","BK-WT"
"171","5113","0","6.75"
"171","5114","0","GRY-RED"
"171","5115","0","RAWPOLI"
"171","5116","0","39448"
"171","5117","0","45MM"
"171","5118","0","20X2.35"
"171","5120","0","TEAL-BLK"
"171","5121","0","SLV-BLK"
"171","5122","0","GRN-SLV"
"171","5123","0","54 CM"
"171","5124","0","BLK/GRY"
"171","5126","0","VP"
"171","5127","0","DRK BLU"
"171","5135","0","8.375"
"171","5150","0","rear"
"171","5155","0","47-49"
"171","5162","0","35-38"
"171","5164","0","43-46"
"171","5166","0","9.25 x"
"171","5171","0","11-32t"
"171","5176","0","9.5 x 4"
"171","5181","0","m/l-18.5"
"171","5186","0","155 mm"
"171","5191","0","11-34t"
"171","5201","0","xl 44-47"
"171","5216","0","l - 19.5"
"171","5223","0","medium."
"171","5228","0","750"
"171","5258","0","32 gm"
"171","5263","0","39-42"
"171","5268","0","32gm"
"171","5278","0","32 oz"
"171","5279","0","16 oz"
"171","5280","0","12.5 x2."
"171","5281","0","11 to 12"
"171","5282","0","11 8"
"171","5283","0","105"
"171","5284","0","1.95f"
"171","5285","0","86.5 mm"
"171","5286","0","85 links"
"171","5287","0","8 oz"
"171","5288","0","750ml"
"171","5289","0","700x35-4"
"171","5290","0","700x28-3"
"171","5291","0","'700*28c"
"171","5292","0","68-73 mm"
"171","5293","0","68 mm"
"171","5294","0","650ml"
"171","5295","0","61-73 mm"
"171","5296","0","31.8'60"
"171","5297","0","31.8'105"
"171","5299","0","31.8 '90"
"171","5300","0","'26""*1.5"
"171","5301","0","20 x2.4"
"171","5302","0","2.25s"
"171","5303","0","2.25f"
"171","5304","0","2 oz"
"171","5305","0","1m x 4 m"
"171","5306","0","mixed"
"171","5307","0","mint"
"171","5308","0","m 40-43"
"171","5309","0","lg/xl"
"171","5310","0","large l"
"171","5311","0","l -19.5"
"171","5312","0","green"
"171","5313","0","female"
"171","5314","0","carbon"
"171","5315","0","c.p."
"171","5316","0","blk-blue"
"171","5317","0","9.5"" x39"
"171","5318","0","9.5"" x 4"
"171","5319","0","9.25"" x"
"171","5320","0","9 sped"
"171","5321","0","xs 37-39"
"171","5322","0","xs 36-39"
"171","5323","0","silver"
"171","5324","0","s-15.5"
"171","5325","0","orange"
"171","5326","0","nvy"
"171","5327","0","26*1.75"
"171","5328","0","26*2.25"
"171","5329","0","26x1.75-2.125"
"171","6235","0","."
"171","6237","0","12-Oct"
"171","6238","0","11-Oct"
"171","6239","0","02-Jan"
"171","6240","0","01-01-2008"
"171","6241","0","10-May"
"171","6242","0","10-Jun"
"171","6243","0","10-Aug"
"171","6244","0","10-Apr"
"171","6245","0","11-Aug"
"171","6246","0","12-Nov"
"171","6247","0","10-Sep"
"171","6248","0","13-Dec"
"171","6249","0","11-Sep"
"171","6250","0","11-Jul"
"171","6251","0","03-01-2008"
"171","6252","0","12-Aug"
"171","6253","0","15-Dec"
"171","6254","0","16-Sep"
"171","6255","0","20x1.25-1.5 pv"
"171","6256","0","26*1.25"
"171","6257","0","26 *1.75"
"171","6258","0","Mar-32"
"171","6259","0","04-Mar"
"171","6260","0","08-Mar"
"171","6261","0","04-Nov"
"171","6262","0","06-Jul"
"171","6263","0","06-May"
"171","6264","0","08-Jun"
"171","6265","0","08-May"
"171","6266","0","09-Aug"
"171","6267","0","07-May"
"171","6268","0","09-Jul"
"171","6269","0","700x35-44c"
"171","6270","0","700*32C"
"171","6271","0","01-07-2002"
"171","6272","0","Jul-32"
"171","6273","0","08-Nov"
"171","6274","0","9.00"
"171","6276","0","20*1.75'"
"171","6279","0","1 - 1/8"
"171","6286","0","'26*1.5"
"171","6289","0","'700*28c"
"171","6291","0","'700*28c"
"171","6294","0","29*2-2.4"
"171","6296","0","'26*1.5"
"171","6299","0","'700*28c"
"171","6301","0","'700*28c"
"171","6304","0","8.5 x 36"
"171","6306","0","'700*28c"
"171","6309","0","1.8 mtr"
"171","6311","0","'700*28c"
"171","6314","0","xs 13.5"
"171","6316","0","20*1.75'"
"171","6319","0","1 bike"
"171","6321","0","20*1.75'"
"171","6324","0","20x1.25-1.5 pv"
"171","6326","0","20*1.75'"
"171","6329","0","700*28"
"171","6331","0","20*1.75'"
"171","6334","0","20*1.75'"
"171","6336","0","20*1.75'"
"171","6339","0","9.5x 43"
"171","6341","0","'26*1.5"
"171","6344","0","621ml"
"171","6346","0","20*1.75'"
"171","6349","0","5.0"
"171","6351","0","20*1.75'"
"171","6354","0","1 bike"
"171","6356","0","20*1.75'"
"171","6359","0","1 bike"
"171","6361","0","'26*1.5"
"171","6364","0","20x1.25-1.5 pv"
"171","6367","0","20*1.75'"
"171","6368","0","20*1.75'"
"171","6372","0","2.125"
"171","6375","0","2.125"
"171","6377","0","'26*1.5"
"171","6380","0","'26*1.5"
"171","6382","0","'26*1.5"
"171","6385","0","205 mm"
"171","6387","0","'26*1.5"
"171","6390","0","3.0 lit"
"171","6392","0","'26*1.5"
"171","6395","0","3.0 lit"
"171","6397","0","'700*28c"
"171","6400","0","s- 15.5"
"171","6404","0","'700*28c"
"171","6407","0","26oz"
"171","6409","0","'26*1.5"
"171","6412","0","m 52-57"
"171","6414","0","'26*1.5"
"171","6417","0","s 48-54"
"171","6419","0","'26*1.5"
"171","6422","0","3 bikes"
"171","6424","0","'26*1.5"
"171","6427","0","58-62"
"171","6431","0","'26*1.5"
"171","6434","0","130mm"
"171","6437","0","5mm"
"171","6439","0","'26*1.5"
"171","6442","0","m 17.5"
"171","6456","0","1ltr"
"171","6460","0","2oz"
